elo_id,rating_date,team_id,rating,change
1,1872-11-30,117,2003.0,3
2,1872-11-30,319,1997.0,-3
3,1873-03-08,117,2014.0,11
4,1873-03-08,319,1986.0,-11
5,1874-03-07,117,2006.0,-8
6,1874-03-07,319,1994.0,8
7,1875-03-06,117,2003.0,-3
8,1875-03-06,319,1997.0,3
9,1876-03-04,319,2010.0,13
10,1876-03-04,117,1990.0,-13
11,1876-03-25,319,2011.0,1
12,1876-03-25,406,1499.0,-1
13,1882-02-25,406,1511.0,6
14,1882-02-25,171,1291.0,-6
15,1883-02-24,117,1901.0,1
16,1883-02-24,171,1290.0,-1
17,1884-02-23,117,1898.0,5
18,1884-02-23,171,1277.0,-5
19,1885-04-11,406,1559.0,24
20,1885-04-11,171,1252.0,-24
21,1886-02-27,406,1566.0,7
22,1886-02-27,171,1245.0,-7
23,1887-02-05,117,1925.0,1
24,1887-02-05,171,1240.0,-1
25,1887-02-19,319,2083.0,0
26,1887-02-19,171,1240.0,0
27,1888-04-07,117,1986.0,2
28,1888-04-07,171,1273.0,-2
29,1889-04-27,406,1535.0,18
30,1889-04-27,171,1253.0,-18
31,1890-02-08,406,1547.0,12
32,1890-02-08,171,1241.0,-12
33,1890-03-29,319,2049.0,1
34,1890-03-29,171,1237.0,-1
35,1891-03-28,319,2043.0,0
36,1891-03-28,171,1297.0,0
37,1893-03-25,319,1991.0,1
38,1893-03-25,171,1305.0,-1
39,1894-02-24,406,1439.0,17
40,1894-02-24,171,1310.0,-17
41,1896-03-07,117,2066.0,1
42,1896-03-07,171,1308.0,-1
43,1897-02-20,117,2050.0,1
44,1897-02-20,171,1325.0,-1
45,1901-03-23,406,1476.0,20
46,1901-03-23,171,1338.0,-20
47,1911-10-29,15,1939.0,-24
48,1911-10-29,398,1922.0,24
49,1911-10-29,164,1865.0,4
50,1911-10-29,360,1691.0,19
51,1911-10-29,142,1660.0,-19
52,1911-10-29,361,1543.0,-4
53,1911-10-29,132,1529.0,12
54,1911-10-29,202,1288.0,-12
55,1913-02-04,73,1566.0,-34
56,1913-02-04,276,1234.0,34
57,1915-05-18,73,1552.0,-17
58,1915-05-18,276,1248.0,17
59,1917-05-09,73,1566.0,25
60,1917-05-09,179,1275.0,-25
61,1920-08-28,352,2026.0,26
62,1920-08-28,117,1950.0,-86
63,1920-08-28,100,1925.0,-26
64,1920-08-28,237,1916.0,3
65,1920-08-28,95,1891.0,24
66,1920-08-28,360,1696.0,24
67,1920-08-28,112,1664.0,-36
68,1920-08-28,175,1662.0,36
69,1920-08-28,421,1576.0,-24
70,1920-08-28,261,1569.0,86
71,1920-08-28,147,1363.0,-24
72,1920-08-28,202,1297.0,-3
73,1924-04-06,164,1929.0,5
74,1924-04-06,175,1680.0,-5
75,1924-04-06,91,1609.0,9
76,1924-04-06,18,1291.0,-9
77,1925-03-29,237,1812.0,4
78,1925-03-29,142,1667.0,-4
79,1925-03-29,178,1435.0,9
80,1925-03-29,158,1265.0,-9
81,1926-01-31,91,1607.0,4
82,1926-01-31,158,1267.0,-4
83,1926-10-28,398,2015.0,1
84,1926-10-28,95,1869.0,7
85,1926-10-28,175,1740.0,-7
86,1926-10-28,37,1265.0,-1
87,1927-11-13,360,1828.0,-9
88,1927-11-13,237,1769.0,9
89,1927-11-13,275,1592.0,4
90,1927-11-13,37,1258.0,-4
91,1928-06-28,112,1698.0,-7
92,1928-06-28,23,1570.0,9
93,1928-06-28,202,1286.0,7
94,1928-06-28,16,1267.0,-9
95,1930-05-25,15,2071.0,-8
96,1930-05-25,398,1967.0,8
97,1930-05-25,31,1651.0,-16
98,1930-05-25,290,1577.0,16
99,1930-05-25,132,1524.0,16
100,1930-05-25,147,1377.0,-16
101,1930-05-25,276,1248.0,-44
102,1930-05-25,179,1200.0,44
103,1930-07-17,396,1783.0,61
104,1930-07-17,273,1717.0,-61
105,1930-07-17,421,1653.0,11
106,1930-07-17,37,1247.0,-11
107,1932-08-30,100,1728.0,-35
108,1932-08-30,131,1484.0,35
109,1932-08-30,194,1358.0,9
110,1932-08-30,121,1286.0,-9
111,1933-06-10,95,1832.0,5
112,1933-06-10,132,1599.0,-5
113,1933-06-10,48,1464.0,17
114,1933-06-10,147,1273.0,-17
115,1933-11-06,379,1534.0,7
116,1933-11-06,28,1252.0,-7
117,1934-05-10,117,2006.0,-13
118,1934-05-10,164,1828.0,13
119,1934-05-10,237,1706.0,-15
120,1934-05-10,132,1624.0,15
121,1934-05-10,31,1548.0,3
122,1934-05-10,202,1257.0,-3
123,1935-08-18,142,1887.0,3
124,1935-08-18,421,1659.0,12
125,1935-08-18,277,1604.0,-12
126,1935-08-18,131,1490.0,-2
127,1935-08-18,202,1256.0,-1
128,1936-05-09,117,1941.0,-18
129,1936-05-09,171,1628.0,7
130,1936-05-09,31,1524.0,18
131,1936-05-09,202,1249.0,-7
132,1936-05-28,194,1315.0,12
133,1936-05-28,121,1251.0,-12
134,1936-08-30,121,1252.0,13
135,1936-08-30,200,1168.0,-13
136,1936-09-12,310,1394.0,-6
137,1936-09-12,28,1252.0,6
138,1937-03-21,175,2035.0,-36
139,1937-03-21,21,1942.0,36
140,1937-03-21,142,1818.0,7
141,1937-03-21,132,1605.0,-6
142,1937-03-21,202,1245.0,-1
143,1937-06-03,121,1255.0,11
144,1937-06-03,200,1157.0,-11
145,1937-06-20,360,1707.0,3
146,1937-06-20,121,1252.0,-3
147,1938-01-22,147,1343.0,37
148,1938-01-22,268,1255.0,-37
149,1938-08-13,77,1376.0,15
150,1938-08-13,403,1250.0,-15
151,1939-03-26,175,2126.0,1
152,1939-03-26,142,1767.0,-20
153,1939-03-26,202,1250.0,19
154,1939-08-06,89,1529.0,11
155,1939-08-06,269,1249.0,-11
156,1940-04-27,195,1284.0,-16
157,1940-04-27,268,1261.0,16
158,1940-09-07,121,1251.0,-6
159,1940-09-07,200,1122.0,6
160,1941-02-23,15,2100.0,14
161,1941-02-23,398,1912.0,-14
162,1941-02-23,275,1721.0,7
163,1941-02-23,111,1264.0,-7
164,1942-01-28,398,1964.0,9
165,1942-01-28,273,1710.0,-9
166,1942-01-28,275,1686.0,4
167,1942-01-28,111,1253.0,-4
168,1942-01-31,15,2104.0,-23
169,1942-01-31,42,1882.0,2
170,1942-01-31,72,1576.0,23
171,1942-01-31,111,1251.0,-2
172,1942-08-03,194,1399.0,8
173,1942-08-03,121,1253.0,-8
174,1944-04-01,18,1329.0,-31
175,1944-04-01,403,1248.0,31
176,1944-10-05,379,1575.0,5
177,1944-10-05,28,1259.0,-5
178,1945-02-11,15,2070.0,-20
179,1945-02-11,72,1635.0,20
180,1945-02-11,37,1307.0,-5
181,1945-02-11,111,1240.0,5
182,1946-03-13,85,1654.0,22
183,1946-03-13,152,1545.0,-19
184,1946-03-13,116,1506.0,-22
185,1946-03-13,161,1387.0,14
186,1946-03-13,269,1246.0,19
187,1946-03-13,243,995.0,-14
188,1946-12-16,85,1683.0,21
189,1946-12-16,152,1447.0,-21
190,1946-12-16,269,1346.0,16
191,1946-12-16,403,1251.0,-16
192,1947-03-02,15,2083.0,2
193,1947-03-02,352,1887.0,-13
194,1947-03-02,398,1821.0,-2
195,1947-03-02,171,1699.0,13
196,1947-03-02,91,1589.0,12
197,1947-03-02,379,1555.0,-12
198,1947-03-02,356,1414.0,10
199,1947-03-02,135,1262.0,-10
200,1948-12-18,218,1565.0,18
201,1948-12-18,356,1495.0,-18
202,1948-12-18,150,1472.0,12
203,1948-12-18,135,1249.0,-12
204,1949-05-03,77,1348.0,-70
205,1949-05-03,111,1253.0,70
206,1949-08-14,356,1485.0,5
207,1949-08-14,135,1244.0,-5
208,1950-10-16,184,1330.0,-23
209,1950-10-16,370,1257.0,23
210,1951-05-25,178,1393.0,-22
211,1951-05-25,28,1253.0,22
212,1951-09-26,370,1260.0,3
213,1951-09-26,423,968.0,-3
214,1952-03-20,266,1415.0,13
215,1952-03-20,51,1261.0,-13
216,1953-02-09,356,1494.0,17
217,1953-02-09,328,1383.0,-10
218,1953-02-09,139,1310.0,10
219,1953-02-09,44,1248.0,-17
220,1953-02-28,275,1718.0,2
221,1953-02-28,111,1251.0,-2
222,1953-08-01,256,1558.0,-22
223,1953-08-01,112,1543.0,9
224,1953-08-01,345,1523.0,22
225,1953-08-01,362,1334.0,21
226,1953-08-01,268,1252.0,-9
227,1953-08-01,181,1179.0,-21
228,1953-08-21,44,1252.0,12
229,1953-08-21,28,1252.0,-12
230,1953-10-31,166,1667.0,10
231,1953-10-31,51,1258.0,-10
232,1954-05-05,319,1902.0,2
233,1954-05-05,261,1630.0,-2
234,1954-05-05,166,1598.0,-54
235,1954-05-05,167,1546.0,54
236,1954-05-05,345,1528.0,5
237,1954-05-05,266,1432.0,-32
238,1954-05-05,174,1429.0,-5
239,1954-05-05,51,1267.0,32
240,1955-03-23,398,1963.0,2
241,1955-03-23,273,1806.0,-6
242,1955-03-23,275,1738.0,6
243,1955-03-23,111,1257.0,-2
244,1955-09-02,166,1524.0,-5
245,1955-09-02,16,1247.0,5
246,1955-12-20,166,1533.0,13
247,1955-12-20,51,1249.0,-13
248,1956-06-25,73,1536.0,5
249,1956-06-25,51,1254.0,-5
250,1956-09-25,356,1505.0,-4
251,1956-09-25,44,1256.0,4
252,1957-01-25,166,1554.0,8
253,1957-01-25,51,1251.0,-8
254,1957-03-17,15,2079.0,1
255,1957-03-17,398,1886.0,-49
256,1957-03-17,77,1352.0,49
257,1957-03-17,111,1252.0,-1
258,1957-03-21,42,2056.0,1
259,1957-03-21,72,1746.0,5
260,1957-03-21,77,1347.0,-5
261,1957-03-21,111,1251.0,-1
262,1957-09-01,132,1872.0,5
263,1957-09-01,261,1659.0,14
264,1957-09-01,349,1398.0,10
265,1957-09-01,131,1334.0,-14
266,1957-09-01,209,1315.0,17
267,1957-09-01,165,1293.0,-5
268,1957-09-01,330,1259.0,-10
269,1957-09-01,51,1248.0,-17
270,1957-09-01,372,1197.0,20
271,1957-09-01,53,1075.0,-20
272,1958-04-23,237,1690.0,8
273,1958-04-23,91,1499.0,-8
274,1958-04-23,163,1478.0,12
275,1958-04-23,330,1250.0,-12
276,1958-05-26,31,1663.0,18
277,1958-05-26,347,1659.0,3
278,1958-05-26,361,1607.0,-18
279,1958-05-26,166,1571.0,6
280,1958-05-26,168,1506.0,-49
281,1958-05-26,174,1494.0,49
282,1958-05-26,179,1313.0,-36
283,1958-05-26,51,1249.0,-6
284,1958-05-26,330,1228.0,-3
285,1958-05-26,276,1094.0,36
286,1959-01-10,179,1308.0,10
287,1959-01-10,269,1251.0,4
288,1959-01-10,330,1205.0,-10
289,1959-01-10,281,880.0,-4
290,1959-03-09,28,1249.0,16
291,1959-03-09,44,1248.0,-16
292,1959-10-22,257,1718.0,2
293,1959-10-22,259,1245.0,-2
294,1959-12-19,42,2091.0,1
295,1959-12-19,111,1255.0,-1
296,1960-08-28,143,1768.0,15
297,1960-08-28,85,1687.0,-10
298,1960-08-28,245,1614.0,-15
299,1960-08-28,261,1504.0,7
300,1960-08-28,152,1410.0,10
301,1960-08-28,131,1257.0,-7
302,1960-09-25,132,1875.0,2
303,1960-09-25,379,1517.0,-3
304,1960-09-25,218,1508.0,3
305,1960-09-25,161,1433.0,-7
306,1960-09-25,152,1417.0,7
307,1960-09-25,131,1255.0,-2
308,1960-10-30,164,1953.0,-16
309,1960-10-30,95,1923.0,6
310,1960-10-30,352,1919.0,-18
311,1960-10-30,360,1910.0,6
312,1960-10-30,21,1844.0,18
313,1960-10-30,132,1838.0,-6
314,1960-10-30,237,1721.0,-6
315,1960-10-30,232,1687.0,7
316,1960-10-30,31,1639.0,16
317,1960-10-30,380,1510.0,-7
318,1960-10-30,109,1484.0,5
319,1960-10-30,131,1250.0,-5
320,1961-06-16,48,1765.0,5
321,1961-06-16,131,1245.0,-5
322,1961-09-08,232,1700.0,3
323,1961-09-08,395,1689.0,10
324,1961-09-08,198,1424.0,29
325,1961-09-08,195,1349.0,-10
326,1961-09-08,317,1282.0,-29
327,1961-09-08,190,1258.0,-3
328,1961-11-05,225,1806.0,-3
329,1961-11-05,100,1681.0,-16
330,1961-11-05,277,1681.0,16
331,1961-11-05,273,1659.0,3
332,1961-11-05,322,1613.0,9
333,1961-11-05,261,1455.0,2
334,1961-11-05,213,1434.0,-2
335,1961-11-05,139,1258.0,-9
336,1962-09-16,95,2003.0,22
337,1962-09-16,421,1924.0,-7
338,1962-09-16,21,1871.0,-22
339,1962-09-16,360,1863.0,-26
340,1962-09-16,100,1693.0,8
341,1962-09-16,80,1566.0,7
342,1962-09-16,109,1535.0,7
343,1962-09-16,379,1512.0,-5
344,1962-09-16,261,1507.0,26
345,1962-09-16,209,1467.0,-8
346,1962-09-16,356,1442.0,5
347,1962-09-16,349,1415.0,6
348,1962-09-16,266,1383.0,8
349,1962-09-16,137,1370.0,-7
350,1962-09-16,131,1260.0,-8
351,1962-09-16,276,1021.0,-6
352,1962-11-25,352,1899.0,-45
353,1962-11-25,21,1852.0,1
354,1962-11-25,48,1768.0,-1
355,1962-11-25,381,1738.0,13
356,1962-11-25,290,1705.0,45
357,1962-11-25,174,1571.0,-13
358,1962-11-25,307,1301.0,1
359,1962-11-25,28,1248.0,-1
360,1963-04-14,245,1629.0,-37
361,1963-04-14,80,1608.0,-37
362,1963-04-14,322,1608.0,37
363,1963-04-14,380,1603.0,37
364,1963-04-14,177,1602.0,2
365,1963-04-14,206,1407.0,13
366,1963-04-14,397,1362.0,-5
367,1963-04-14,139,1286.0,5
368,1963-04-14,67,1249.0,-13
369,1963-04-14,221,984.0,-2
370,1963-11-20,117,1946.0,7
371,1963-11-20,319,1910.0,8
372,1963-11-20,406,1748.0,-8
373,1963-11-20,257,1729.0,2
374,1963-11-20,254,1629.0,-7
375,1963-11-20,163,1406.0,-17
376,1963-11-20,330,1251.0,17
377,1963-11-20,259,1231.0,-2
378,1964-01-12,109,1645.0,3
379,1964-01-12,307,1333.0,18
380,1964-01-12,102,1247.0,-18
381,1964-01-12,66,1022.0,-3
382,1964-07-05,163,1404.0,-12
383,1964-07-05,330,1256.0,12
384,1964-10-03,117,1922.0,13
385,1964-10-03,319,1902.0,-26
386,1964-10-03,406,1743.0,26
387,1964-10-03,254,1670.0,-13
388,1964-10-03,154,1658.0,7
389,1964-10-03,73,1545.0,-25
390,1964-10-03,97,1518.0,-7
391,1964-10-03,266,1407.0,25
392,1964-10-03,388,1323.0,-29
393,1964-10-03,370,1247.0,29
394,1965-03-15,206,1427.0,-28
395,1965-03-15,179,1424.0,12
396,1965-03-15,163,1369.0,-12
397,1965-03-15,371,1246.0,28
398,1965-07-26,356,1484.0,5
399,1965-07-26,135,1251.0,-5
400,1965-08-10,167,1426.0,9
401,1965-08-10,259,1252.0,-9
402,1965-12-18,51,1422.0,29
403,1965-12-18,349,1390.0,-44
404,1965-12-18,372,1299.0,44
405,1965-12-18,210,1253.0,-29
406,1966-04-01,351,1994.0,4
407,1966-04-01,230,1667.0,-4
408,1966-04-01,169,1618.0,3
409,1966-04-01,198,1482.0,-12
410,1966-04-01,268,1257.0,12
411,1966-04-01,190,1187.0,-3
412,1966-09-25,10,1496.0,8
413,1966-09-25,388,1357.0,22
414,1966-09-25,233,1321.0,-8
415,1966-09-25,371,1257.0,-22
416,1966-10-15,356,1527.0,-5
417,1966-10-15,135,1256.0,5
418,1966-12-10,355,1692.0,10
419,1966-12-10,168,1603.0,8
420,1966-12-10,166,1509.0,-25
421,1966-12-10,179,1462.0,25
422,1966-12-10,184,1449.0,-10
423,1966-12-10,167,1448.0,22
424,1966-12-10,330,1267.0,-22
425,1966-12-10,210,1251.0,-8
426,1967-03-31,372,1310.0,19
427,1967-03-31,210,1251.0,-19
428,1967-08-02,356,1548.0,7
429,1967-08-02,222,1527.0,-32
430,1967-08-02,371,1254.0,32
431,1967-08-02,156,1218.0,-7
432,1967-10-03,179,1603.0,8
433,1967-10-03,367,1404.0,7
434,1967-10-03,195,1369.0,-8
435,1967-10-03,388,1336.0,17
436,1967-10-03,370,1251.0,-17
437,1967-10-03,276,980.0,-7
438,1967-12-14,51,1590.0,2
439,1967-12-14,349,1477.0,33
440,1967-12-14,372,1253.0,-33
441,1967-12-14,193,952.0,-2
442,1968-01-14,143,1781.0,21
443,1968-01-14,177,1731.0,-31
444,1968-01-14,5,1707.0,10
445,1968-01-14,99,1681.0,-21
446,1968-01-14,169,1656.0,12
447,1968-01-14,322,1633.0,21
448,1968-01-14,123,1602.0,31
449,1968-01-14,79,1541.0,-21
450,1968-01-14,388,1315.0,-10
451,1968-01-14,372,1247.0,-12
452,1968-10-27,278,1949.0,11
453,1968-10-27,48,1876.0,11
454,1968-10-27,352,1875.0,3
455,1968-10-27,421,1818.0,-3
456,1968-10-27,290,1738.0,-11
457,1968-10-27,237,1685.0,-11
458,1968-10-27,355,1596.0,-27
459,1968-10-27,422,1582.0,27
460,1968-10-27,102,1258.0,2
461,1968-10-27,333,898.0,-2
462,1968-12-05,356,1514.0,-32
463,1968-12-05,238,1458.0,32
464,1968-12-05,161,1392.0,13
465,1968-12-05,178,1247.0,-13
466,1969-02-06,158,1446.0,-17
467,1969-02-06,178,1252.0,17
468,1969-11-05,117,2086.0,4
469,1969-11-05,164,1971.0,5
470,1969-11-05,319,1825.0,-35
471,1969-11-05,31,1786.0,-8
472,1969-11-05,225,1774.0,8
473,1969-11-05,21,1737.0,35
474,1969-11-05,237,1712.0,-4
475,1969-11-05,171,1606.0,-5
476,1969-11-05,178,1250.0,12
477,1969-11-05,269,1170.0,-12
478,1969-12-04,85,1704.0,8
479,1969-12-04,225,1691.0,-16
480,1969-12-04,174,1662.0,13
481,1969-12-04,20,1617.0,-13
482,1969-12-04,152,1610.0,-21
483,1969-12-04,238,1458.0,16
484,1969-12-04,379,1360.0,-8
485,1969-12-04,178,1248.0,21
486,1970-03-04,42,2012.0,-26
487,1970-03-04,15,1839.0,26
488,1970-03-04,238,1477.0,3
489,1970-03-04,89,1246.0,23
490,1970-03-04,269,1156.0,-23
491,1970-03-04,24,855.0,-3
492,1970-06-06,175,2012.0,-12
493,1970-06-06,351,1959.0,35
494,1970-06-06,398,1883.0,12
495,1970-06-06,95,1875.0,-42
496,1970-06-06,290,1815.0,42
497,1970-06-06,275,1787.0,40
498,1970-06-06,31,1765.0,-35
499,1970-06-06,232,1624.0,-40
500,1970-06-06,388,1423.0,-7
501,1970-06-06,371,1247.0,7
502,1970-08-15,167,1510.0,-41
503,1970-08-15,166,1324.0,13
504,1970-08-15,210,1317.0,41
505,1970-08-15,163,1255.0,-13
506,1970-11-11,109,1908.0,7
507,1970-11-11,352,1858.0,14
508,1970-11-11,319,1846.0,5
509,1970-11-11,290,1808.0,-1
510,1970-11-11,132,1766.0,8
511,1970-11-11,237,1725.0,-7
512,1970-11-11,406,1697.0,1
513,1970-11-11,254,1684.0,-14
514,1970-11-11,100,1591.0,-5
515,1970-11-11,356,1567.0,2
516,1970-11-11,261,1524.0,-8
517,1970-11-11,167,1446.0,18
518,1970-11-11,123,1419.0,-40
519,1970-11-11,349,1333.0,-18
520,1970-11-11,184,1279.0,40
521,1970-11-11,135,1258.0,-2
522,1971-05-02,143,1736.0,22
523,1971-05-02,177,1650.0,-22
524,1971-05-02,347,1643.0,4
525,1971-05-02,154,1629.0,2
526,1971-05-02,152,1591.0,4
527,1971-05-02,167,1445.0,29
528,1971-05-02,372,1340.0,-4
529,1971-05-02,139,1254.0,-2
530,1971-05-02,349,1245.0,-29
531,1971-05-02,269,1209.0,-4
532,1971-06-01,257,1764.0,3
533,1971-06-01,422,1490.0,12
534,1971-06-01,123,1445.0,-12
535,1971-06-01,362,1425.0,-3
536,1971-06-01,167,1388.0,-44
537,1971-06-01,210,1386.0,44
538,1971-06-01,372,1361.0,16
539,1971-06-01,186,1252.0,-16
540,1971-08-05,166,1406.0,4
541,1971-08-05,379,1395.0,28
542,1971-08-05,178,1252.0,-28
543,1971-08-05,163,1200.0,-21
544,1971-08-05,330,1103.0,21
545,1971-08-05,276,964.0,-4
546,1971-10-28,210,1469.0,11
547,1971-10-28,372,1260.0,11
548,1971-10-28,349,1251.0,-11
549,1971-10-28,330,1131.0,-11
550,1972-01-10,5,1563.0,11
551,1972-01-10,350,1252.0,-11
552,1972-01-10,268,1186.0,29
553,1972-01-10,282,1034.0,-29
554,1972-05-07,277,1803.0,29
555,1972-05-07,48,1783.0,-29
556,1972-05-07,143,1711.0,9
557,1972-05-07,168,1646.0,8
558,1972-05-07,355,1646.0,8
559,1972-05-07,147,1628.0,9
560,1972-05-07,212,1616.0,24
561,1972-05-07,169,1606.0,-1
562,1972-05-07,347,1599.0,1
563,1972-05-07,54,1597.0,21
564,1972-05-07,380,1592.0,-24
565,1972-05-07,322,1582.0,-9
566,1972-05-07,123,1469.0,-9
567,1972-05-07,376,1466.0,-21
568,1972-05-07,206,1380.0,-8
569,1972-05-07,186,1254.0,-8
570,1972-08-04,179,1507.0,4
571,1972-08-04,163,1252.0,4
572,1972-08-04,276,1069.0,-4
573,1972-08-04,354,919.0,-4
574,1972-10-22,20,1686.0,0
575,1972-10-22,347,1599.0,0
576,1972-10-22,381,1546.0,-46
577,1972-10-22,184,1435.0,8
578,1972-10-22,202,1338.0,46
579,1972-10-22,208,1252.0,-8
580,1972-11-25,21,1823.0,7
581,1972-11-25,388,1473.0,19
582,1972-11-25,123,1473.0,1
583,1972-11-25,149,1461.0,7
584,1972-11-25,184,1417.0,-19
585,1972-11-25,371,1381.0,-1
586,1972-11-25,213,1366.0,-7
587,1972-11-25,102,1250.0,-7
588,1973-06-08,165,1294.0,24
589,1973-06-08,127,1250.0,-24
590,1973-08-07,372,1255.0,30
591,1973-08-07,186,1249.0,-30
592,1973-09-24,347,1610.0,11
593,1973-09-24,422,1541.0,10
594,1973-09-24,210,1467.0,20
595,1973-09-24,167,1426.0,-11
596,1973-09-24,372,1251.0,-20
597,1973-09-24,338,1189.0,-10
598,1974-03-08,379,1563.0,3
599,1974-03-08,28,1253.0,6
600,1974-03-08,269,1176.0,25
601,1974-03-08,243,1013.0,-3
602,1974-03-08,104,964.0,-25
603,1974-03-08,281,858.0,-6
604,1974-04-20,154,1583.0,-30
605,1974-04-20,328,1430.0,30
606,1974-04-20,18,1254.0,-25
607,1974-04-20,38,1122.0,25
608,1974-09-04,415,2144.0,2
609,1974-09-04,237,2074.0,16
610,1974-09-04,277,2058.0,-25
611,1974-09-04,109,1941.0,25
612,1974-09-04,360,1897.0,-16
613,1974-09-04,21,1824.0,7
614,1974-09-04,254,1745.0,-32
615,1974-09-04,361,1697.0,-2
616,1974-09-04,406,1643.0,-7
617,1974-09-04,73,1636.0,14
618,1974-09-04,347,1630.0,4
619,1974-09-04,257,1608.0,-25
620,1974-09-04,169,1578.0,25
621,1974-09-04,261,1466.0,32
622,1974-09-04,198,1412.0,-6
623,1974-09-04,213,1377.0,6
624,1974-09-04,166,1333.0,-14
625,1974-09-04,372,1255.0,-4
626,1974-11-10,164,1858.0,0
627,1974-11-10,48,1756.0,0
628,1974-11-10,380,1678.0,4
629,1974-11-10,376,1453.0,10
630,1974-11-10,198,1372.0,-4
631,1974-11-10,197,1349.0,-10
632,1974-11-10,367,1248.0,16
633,1974-11-10,372,1231.0,-16
634,1975-03-17,167,1363.0,15
635,1975-03-17,349,1252.0,-15
636,1975-08-09,347,1601.0,14
637,1975-08-09,241,1500.0,-25
638,1975-08-09,366,1456.0,25
639,1975-08-09,179,1442.0,-14
640,1975-08-09,167,1388.0,10
641,1975-08-09,372,1259.0,-10
642,1975-12-16,210,1455.0,-29
643,1975-12-16,372,1252.0,29
644,1976-04-11,174,1768.0,6
645,1976-04-11,190,1564.0,10
646,1976-04-11,179,1448.0,-6
647,1976-04-11,317,1254.0,-10
648,1976-07-04,79,1550.0,10
649,1976-07-04,357,1472.0,-47
650,1976-07-04,65,1389.0,6
651,1976-07-04,233,1357.0,-17
652,1976-07-04,156,1251.0,47
653,1976-07-04,67,1214.0,-10
654,1976-07-04,314,1080.0,-6
655,1976-07-04,423,1000.0,17
656,1976-08-01,116,1461.0,11
657,1976-08-01,269,1251.0,-11
658,1976-10-20,398,1668.0,-4
659,1976-10-20,20,1668.0,-7
660,1976-10-20,169,1502.0,5
661,1976-10-20,55,1494.0,-30
662,1976-10-20,396,1459.0,30
663,1976-10-20,111,1415.0,4
664,1976-10-20,198,1390.0,-5
665,1976-10-20,167,1274.0,7
666,1976-10-20,350,1253.0,-27
667,1976-10-20,268,1219.0,7
668,1976-10-20,181,1172.0,27
669,1976-10-20,221,928.0,-7
670,1977-05-26,360,1806.0,2
671,1977-05-26,275,1773.0,8
672,1977-05-26,158,1574.0,-8
673,1977-05-26,261,1484.0,-2
674,1977-05-26,131,1472.0,15
675,1977-05-26,202,1253.0,-15
676,1977-07-24,347,1703.0,11
677,1977-07-24,51,1435.0,-11
678,1977-07-24,166,1254.0,11
679,1977-07-24,2,905.0,-11
680,1977-10-12,237,2070.0,7
681,1977-10-12,319,1998.0,16
682,1977-10-12,109,1962.0,-11
683,1977-10-12,117,1902.0,2
684,1977-10-12,164,1902.0,7
685,1977-10-12,21,1858.0,11
686,1977-10-12,406,1795.0,-16
687,1977-10-12,48,1772.0,3
688,1977-10-12,225,1766.0,8
689,1977-10-12,360,1755.0,-7
690,1977-10-12,171,1719.0,-3
691,1977-10-12,254,1687.0,-7
692,1977-10-12,158,1589.0,28
693,1977-10-12,152,1573.0,-28
694,1977-10-12,55,1526.0,23
695,1977-10-12,116,1490.0,-8
696,1977-10-12,357,1449.0,-23
697,1977-10-12,202,1251.0,-2
698,1977-10-26,237,2075.0,5
699,1977-10-26,352,1934.0,23
700,1977-10-26,290,1906.0,-23
701,1977-10-26,31,1845.0,-5
702,1977-10-26,48,1766.0,-6
703,1977-10-26,147,1646.0,6
704,1977-10-26,156,1254.0,-5
705,1977-10-26,28,1253.0,5
706,1977-12-03,175,1946.0,1
707,1977-12-03,168,1801.0,21
708,1977-12-03,190,1677.0,-21
709,1977-12-03,388,1487.0,-13
710,1977-12-03,202,1250.0,-1
711,1977-12-03,338,1139.0,13
712,1978-01-24,208,1452.0,16
713,1978-01-24,222,1249.0,-16
714,1978-03-22,277,1915.0,1
715,1978-03-22,95,1894.0,6
716,1978-03-22,21,1860.0,-9
717,1978-03-22,290,1854.0,-6
718,1978-03-22,31,1804.0,9
719,1978-03-22,381,1659.0,6
720,1978-03-22,147,1653.0,-6
721,1978-03-22,202,1249.0,-1
722,1978-07-05,10,1484.0,9
723,1978-07-05,155,1306.0,14
724,1978-07-05,139,1251.0,-14
725,1978-07-05,58,1208.0,-9
726,1978-12-17,347,1814.0,9
727,1978-12-17,190,1675.0,6
728,1978-12-17,257,1656.0,19
729,1978-12-17,169,1602.0,-19
730,1978-12-17,73,1575.0,-9
731,1978-12-17,208,1473.0,22
732,1978-12-17,210,1469.0,-22
733,1978-12-17,206,1377.0,-22
734,1978-12-17,372,1372.0,22
735,1978-12-17,222,1253.0,20
736,1978-12-17,166,1226.0,-6
737,1978-12-17,196,1119.0,-20
738,1979-01-10,154,1684.0,1
739,1979-01-10,212,1586.0,5
740,1979-01-10,137,1356.0,-6
741,1979-01-10,139,1254.0,-5
742,1979-01-10,292,1041.0,6
743,1979-01-10,221,917.0,-1
744,1979-03-23,169,1661.0,2
745,1979-03-23,85,1546.0,-5
746,1979-03-23,269,1249.0,5
747,1979-03-23,25,1096.0,-2
748,1979-05-07,257,1683.0,5
749,1979-05-07,167,1250.0,-5
750,1979-07-13,112,1641.0,8
751,1979-07-13,179,1460.0,5
752,1979-07-13,51,1424.0,18
753,1979-07-13,184,1365.0,-8
754,1979-07-13,167,1253.0,-18
755,1979-07-13,330,1100.0,-5
756,1980-02-17,277,1958.0,-18
757,1980-02-17,212,1562.0,11
758,1980-02-17,232,1549.0,18
759,1980-02-17,310,1492.0,-4
760,1980-02-17,155,1285.0,-11
761,1980-02-17,28,1253.0,4
762,1980-03-22,421,1900.0,2
763,1980-03-22,347,1833.0,7
764,1980-03-22,245,1722.0,32
765,1980-03-22,5,1662.0,-32
766,1980-03-22,398,1644.0,-2
767,1980-03-22,190,1626.0,9
768,1980-03-22,179,1460.0,-7
769,1980-03-22,350,1253.0,-9
770,1980-06-15,42,2037.0,-16
771,1980-06-15,117,2005.0,-21
772,1980-06-15,175,1996.0,21
773,1980-06-15,31,1944.0,23
774,1980-06-15,351,1928.0,16
775,1980-06-15,352,1869.0,-23
776,1980-06-15,254,1795.0,-1
777,1980-06-15,20,1668.0,1
778,1980-06-15,208,1563.0,10
779,1980-06-15,422,1534.0,-10
780,1980-06-15,161,1468.0,4
781,1980-06-15,269,1251.0,-4
782,1980-08-31,422,1529.0,12
783,1980-08-31,424,1474.0,-12
784,1980-08-31,210,1458.0,-12
785,1980-08-31,372,1378.0,10
786,1980-08-31,167,1248.0,12
787,1980-08-31,25,1177.0,-10
788,1980-11-09,225,1714.0,11
789,1980-11-09,398,1657.0,18
790,1980-11-09,89,1622.0,3
791,1980-11-09,37,1584.0,-18
792,1980-11-09,55,1569.0,-14
793,1980-11-09,161,1527.0,14
794,1980-11-09,116,1525.0,5
795,1980-11-09,322,1521.0,1
796,1980-11-09,152,1502.0,-5
797,1980-11-09,396,1490.0,-11
798,1980-11-09,208,1486.0,6
799,1980-11-09,424,1482.0,-6
800,1980-11-09,10,1464.0,-10
801,1980-11-09,379,1426.0,-16
802,1980-11-09,197,1372.0,-10
803,1980-11-09,233,1315.0,10
804,1980-11-09,139,1312.0,10
805,1980-11-09,156,1256.0,-3
806,1980-11-09,238,1189.0,16
807,1980-11-09,221,1023.0,-1
808,1981-02-07,155,1255.0,-46
809,1981-02-07,58,1237.0,46
810,1981-05-23,117,1921.0,-31
811,1981-05-23,319,1856.0,31
812,1981-05-23,242,1561.0,8
813,1981-05-23,167,1251.0,-8
814,1981-07-05,352,1847.0,0
815,1981-07-05,72,1763.0,0
816,1981-07-05,310,1470.0,12
817,1981-07-05,150,1427.0,19
818,1981-07-05,379,1402.0,-3
819,1981-07-05,218,1394.0,-12
820,1981-07-05,102,1272.0,-19
821,1981-07-05,28,1256.0,3
822,1981-12-05,175,1913.0,0
823,1981-12-05,132,1894.0,1
824,1981-12-05,92,1255.0,-1
825,1981-12-05,202,1215.0,0
826,1982-02-11,164,1818.0,7
827,1982-02-11,242,1604.0,-7
828,1982-02-11,212,1567.0,3
829,1982-02-11,322,1538.0,-2
830,1982-02-11,154,1505.0,2
831,1982-02-11,328,1394.0,13
832,1982-02-11,139,1281.0,-29
833,1982-02-11,155,1250.0,-13
834,1982-02-11,58,1249.0,29
835,1982-02-11,221,1008.0,-3
836,1982-08-05,167,1292.0,30
837,1982-08-05,210,1253.0,-30
838,1982-08-12,347,1665.0,1
839,1982-08-12,89,1591.0,8
840,1982-08-12,34,1311.0,-8
841,1982-08-12,330,1251.0,27
842,1982-08-12,238,1238.0,8
843,1982-08-12,166,1212.0,-27
844,1982-08-12,394,1146.0,-1
845,1982-08-12,243,991.0,-8
846,1982-08-12,281,979.0,31
847,1982-08-12,24,879.0,-31
848,1982-10-03,422,1651.0,2
849,1982-10-03,112,1601.0,-2
850,1982-10-03,232,1571.0,-13
851,1982-10-03,208,1526.0,33
852,1982-10-03,317,1400.0,13
853,1982-10-03,424,1394.0,-33
854,1982-10-03,397,1311.0,-4
855,1982-10-03,244,1251.0,4
856,1982-11-24,73,1598.0,-13
857,1982-11-24,257,1569.0,-9
858,1982-11-24,184,1509.0,17
859,1982-11-24,388,1486.0,4
860,1982-11-24,424,1430.0,-17
861,1982-11-24,317,1421.0,9
862,1982-11-24,372,1326.0,29
863,1982-11-24,362,1262.0,-29
864,1982-11-24,166,1251.0,13
865,1982-11-24,210,1239.0,-34
866,1982-11-24,423,1105.0,-4
867,1982-11-24,26,1009.0,34
868,1983-03-20,79,1556.0,8
869,1983-03-20,184,1511.0,-2
870,1983-03-20,123,1349.0,2
871,1983-03-20,139,1345.0,7
872,1983-03-20,233,1307.0,-3
873,1983-03-20,33,1253.0,-8
874,1983-03-20,196,1164.0,3
875,1983-03-20,221,1066.0,-7
876,1983-04-24,5,1709.0,-16
877,1983-04-24,54,1624.0,9
878,1983-04-24,380,1610.0,3
879,1983-04-24,422,1606.0,-15
880,1983-04-24,198,1598.0,-21
881,1983-04-24,232,1550.0,-30
882,1983-04-24,322,1520.0,21
883,1983-04-24,245,1509.0,-20
884,1983-04-24,212,1509.0,30
885,1983-04-24,376,1501.0,25
886,1983-04-24,154,1494.0,-25
887,1983-04-24,206,1492.0,25
888,1983-04-24,10,1457.0,20
889,1983-04-24,388,1439.0,-25
890,1983-04-24,355,1397.0,15
891,1983-04-24,233,1355.0,-9
892,1983-04-24,123,1346.0,-20
893,1983-04-24,28,1322.0,-10
894,1983-04-24,222,1280.0,20
895,1983-04-24,33,1256.0,16
896,1983-04-24,156,1253.0,10
897,1983-04-24,292,1090.0,-3
898,1983-05-29,175,1932.0,-42
899,1983-05-29,352,1879.0,7
900,1983-05-29,360,1775.0,42
901,1983-05-29,112,1630.0,14
902,1983-05-29,54,1610.0,-14
903,1983-05-29,89,1574.0,-22
904,1983-05-29,232,1573.0,20
905,1983-05-29,322,1527.0,7
906,1983-05-29,165,1493.0,-7
907,1983-05-29,357,1478.0,22
908,1983-05-29,154,1476.0,-20
909,1983-05-29,424,1460.0,21
910,1983-05-29,372,1363.0,30
911,1983-05-29,233,1334.0,-21
912,1983-05-29,51,1299.0,-37
913,1983-05-29,156,1268.0,-12
914,1983-05-29,33,1249.0,-7
915,1983-05-29,167,1217.0,-30
916,1983-05-29,13,1159.0,12
917,1983-05-29,47,936.0,37
918,1983-08-26,362,1288.0,17
919,1983-08-26,130,1253.0,24
920,1983-08-26,181,1101.0,-17
921,1983-08-26,400,1045.0,-24
922,1983-09-10,330,1258.0,-21
923,1983-09-10,210,1251.0,21
924,1983-10-29,112,1637.0,22
925,1983-10-29,422,1600.0,-22
926,1983-10-29,208,1538.0,-12
927,1983-10-29,371,1393.0,12
928,1983-10-29,166,1253.0,19
929,1983-10-29,330,1198.0,-19
930,1984-01-11,277,1913.0,2
931,1984-01-11,166,1252.0,-2
932,1984-03-23,317,1474.0,15
933,1984-03-23,123,1329.0,4
934,1984-03-23,394,1253.0,-15
935,1984-03-23,101,880.0,-4
936,1984-04-19,347,1631.0,4
937,1984-04-19,242,1554.0,-36
938,1984-04-19,190,1552.0,36
939,1984-04-19,25,1251.0,-4
940,1984-09-17,73,1585.0,5
941,1984-09-17,282,1529.0,5
942,1984-09-17,163,1254.0,-5
943,1984-09-17,181,1112.0,-5
944,1984-10-06,396,1586.0,6
945,1984-10-06,238,1252.0,-6
946,1984-12-05,290,1768.0,-13
947,1984-12-05,48,1753.0,2
948,1984-12-05,422,1616.0,10
949,1984-12-05,147,1605.0,13
950,1984-12-05,347,1602.0,-5
951,1984-12-05,73,1600.0,17
952,1984-12-05,208,1542.0,4
953,1984-12-05,190,1541.0,5
954,1984-12-05,371,1410.0,-10
955,1984-12-05,330,1252.0,-17
956,1984-12-05,202,1177.0,-2
957,1984-12-05,338,1160.0,-4
958,1985-01-19,257,1565.0,-12
959,1985-01-19,330,1252.0,12
960,1985-02-19,322,1522.0,8
961,1985-02-19,212,1475.0,-25
962,1985-02-19,139,1334.0,25
963,1985-02-19,58,1255.0,-8
964,1985-07-01,208,1580.0,8
965,1985-07-01,155,1282.0,-13
966,1985-07-01,58,1259.0,13
967,1985-07-01,287,1123.0,-8
968,1985-10-20,225,1801.0,-13
969,1985-10-20,174,1658.0,4
970,1985-10-20,112,1632.0,13
971,1985-10-20,20,1617.0,-4
972,1985-10-20,210,1321.0,-23
973,1985-10-20,330,1257.0,23
974,1985-12-15,54,1568.0,-26
975,1985-12-15,79,1518.0,26
976,1985-12-15,154,1373.0,1
977,1985-12-15,139,1312.0,-1
978,1985-12-15,372,1252.0,26
979,1985-12-15,167,1139.0,-26
980,1986-02-27,143,1570.0,8
981,1986-02-27,376,1517.0,8
982,1986-02-27,50,1324.0,-8
983,1986-02-27,197,1255.0,-8
984,1986-07-13,222,1254.0,5
985,1986-07-13,287,1161.0,-5
986,1986-07-26,210,1341.0,13
987,1986-07-26,154,1338.0,1
988,1986-07-26,372,1264.0,-13
989,1986-07-26,197,1254.0,-1
990,1986-10-19,79,1512.0,9
991,1986-10-19,388,1496.0,-11
992,1986-10-19,10,1455.0,-18
993,1986-10-19,137,1428.0,18
994,1986-10-19,328,1390.0,-2
995,1986-10-19,197,1264.0,2
996,1986-10-19,65,1250.0,-9
997,1986-10-19,338,1198.0,11
998,1987-04-26,177,1648.0,14
999,1987-04-26,143,1612.0,-14
1000,1987-04-26,422,1585.0,11
1001,1987-04-26,317,1565.0,4
1002,1987-04-26,89,1519.0,13
1003,1987-04-26,424,1514.0,-11
1004,1987-04-26,178,1262.0,-13
1005,1987-04-26,25,1252.0,-4
1006,1987-04-26,330,1193.0,-16
1007,1987-04-26,167,1191.0,16
1008,1987-04-26,13,1161.0,-14
1009,1987-04-26,104,1002.0,14
1010,1987-09-16,210,1313.0,30
1011,1987-09-16,372,1255.0,-30
1012,1987-09-16,195,1247.0,-13
1013,1987-09-16,313,1013.0,13
1014,1987-12-08,54,1663.0,1
1015,1987-12-08,143,1628.0,-28
1016,1987-12-08,10,1502.0,11
1017,1987-12-08,89,1487.0,-11
1018,1987-12-08,33,1252.0,28
1019,1987-12-08,119,1065.0,-1
1020,1988-02-14,225,1892.0,16
1021,1988-02-14,73,1600.0,11
1022,1988-02-14,152,1554.0,-16
1023,1988-02-14,212,1384.0,10
1024,1988-02-14,372,1256.0,-11
1025,1988-02-14,33,1253.0,-10
1026,1988-02-14,26,1061.0,-9
1027,1988-02-14,260,920.0,9
1028,1988-06-09,371,1253.0,-5
1029,1988-06-09,325,989.0,5
1030,1988-07-11,169,1666.0,-17
1031,1988-07-11,317,1490.0,0
1032,1988-07-11,380,1483.0,0
1033,1988-07-11,195,1251.0,17
1034,1988-07-29,143,1499.0,-44
1035,1988-07-29,212,1389.0,10
1036,1988-07-29,238,1337.0,13
1037,1988-07-29,244,1307.0,44
1038,1988-07-29,33,1254.0,-10
1039,1988-07-29,13,1187.0,-13
1040,1988-11-06,422,1645.0,-12
1041,1988-11-06,131,1614.0,0
1042,1988-11-06,208,1509.0,-16
1043,1988-11-06,190,1499.0,0
1044,1988-11-06,123,1429.0,12
1045,1988-11-06,371,1252.0,16
1046,1989-02-23,225,1894.0,4
1047,1989-02-23,168,1610.0,15
1048,1989-02-23,73,1579.0,2
1049,1989-02-23,85,1534.0,-17
1050,1989-02-23,152,1516.0,17
1051,1989-02-23,116,1489.0,-4
1052,1989-02-23,372,1255.0,-15
1053,1989-02-23,26,1048.0,-2
1054,1989-05-23,117,1891.0,-9
1055,1989-05-23,398,1855.0,-5
1056,1989-05-23,72,1782.0,9
1057,1989-05-23,347,1731.0,2
1058,1989-05-23,111,1589.0,5
1059,1989-05-23,210,1250.0,8
1060,1989-05-23,330,1177.0,-2
1061,1989-05-23,236,914.0,-8
1062,1989-05-30,319,1817.0,16
1063,1989-05-30,72,1776.0,-16
1064,1989-05-30,168,1617.0,3
1065,1989-05-30,322,1504.0,-34
1066,1989-05-30,154,1461.0,6
1067,1989-05-30,212,1404.0,11
1068,1989-05-30,155,1311.0,-11
1069,1989-05-30,58,1254.0,34
1070,1989-05-30,372,1199.0,-3
1071,1989-05-30,221,1075.0,-6
1072,1989-08-04,322,1547.0,-5
1073,1989-08-04,139,1253.0,5
1074,1989-08-21,210,1270.0,3
1075,1989-08-21,167,1250.0,10
1076,1989-08-21,47,889.0,-10
1077,1989-08-21,276,812.0,-3
1078,1989-12-12,54,1700.0,5
1079,1989-12-12,137,1443.0,19
1080,1989-12-12,67,1273.0,-19
1081,1989-12-12,65,1250.0,-5
1082,1990-03-18,28,1248.0,-12
1083,1990-03-18,178,1233.0,12
1084,1990-05-13,42,1992.0,-8
1085,1990-05-13,225,1904.0,-40
1086,1990-05-13,109,1764.0,8
1087,1990-05-13,55,1643.0,40
1088,1990-05-13,218,1412.0,-21
1089,1990-05-13,34,1373.0,34
1090,1990-05-13,310,1336.0,21
1091,1990-05-13,178,1263.0,7
1092,1990-05-13,307,1252.0,-34
1093,1990-05-13,135,1236.0,1
1094,1990-05-13,102,1158.0,-1
1095,1990-05-13,62,1038.0,-7
1096,1990-05-27,360,1951.0,3
1097,1990-05-27,171,1888.0,-4
1098,1990-05-27,381,1649.0,4
1099,1990-05-27,131,1613.0,-3
1100,1990-05-27,140,1581.0,-9
1101,1990-05-27,149,1363.0,-2
1102,1990-05-27,357,1360.0,5
1103,1990-05-27,238,1336.0,-5
1104,1990-05-27,307,1288.0,36
1105,1990-05-27,200,1251.0,9
1106,1990-05-27,156,1230.0,2
1107,1990-05-27,13,1182.0,-36
1108,1990-09-27,347,1748.0,24
1109,1990-09-27,73,1525.0,-24
1110,1990-09-27,190,1491.0,-33
1111,1990-09-27,372,1299.0,33
1112,1990-09-27,163,1258.0,27
1113,1990-09-27,330,1241.0,17
1114,1990-09-27,416,1171.0,-27
1115,1990-09-27,266,980.0,-17
1116,1990-12-22,175,2016.0,2
1117,1990-12-22,88,1887.0,9
1118,1990-12-22,290,1812.0,-9
1119,1990-12-22,92,1256.0,-2
1120,1991-02-06,117,1991.0,2
1121,1991-02-06,171,1903.0,16
1122,1991-02-06,95,1903.0,10
1123,1991-02-06,351,1895.0,10
1124,1991-02-06,319,1767.0,-10
1125,1991-02-06,406,1746.0,-16
1126,1991-02-06,20,1652.0,-10
1127,1991-02-06,54,1647.0,-2
1128,1991-02-06,155,1330.0,7
1129,1991-02-06,210,1267.0,-21
1130,1991-02-06,167,1254.0,21
1131,1991-02-06,139,1203.0,-7
1132,1991-05-29,351,1899.0,1
1133,1991-05-29,277,1786.0,-4
1134,1991-05-29,406,1762.0,4
1135,1991-05-29,85,1684.0,10
1136,1991-05-29,161,1515.0,-4
1137,1991-05-29,152,1458.0,4
1138,1991-05-29,116,1415.0,-10
1139,1991-05-29,92,1255.0,-1
1140,1991-10-05,330,1251.0,10
1141,1991-10-05,167,1209.0,-10
1142,1991-11-07,210,1251.0,-15
1143,1991-11-07,234,1173.0,15
1144,1991-11-25,208,1355.0,10
1145,1991-11-25,372,1306.0,-3
1146,1991-11-25,330,1254.0,3
1147,1991-11-25,423,1134.0,-10
1148,1992-03-25,142,2077.0,-10
1149,1992-03-25,117,1998.0,-1
1150,1992-03-25,132,1990.0,-7
1151,1992-03-25,175,1980.0,10
1152,1992-03-25,237,1955.0,11
1153,1992-03-25,421,1932.0,-11
1154,1992-03-25,171,1901.0,4
1155,1992-03-25,95,1861.0,1
1156,1992-03-25,31,1811.0,7
1157,1992-03-25,361,1776.0,-4
1158,1992-03-25,319,1755.0,-6
1159,1992-03-25,164,1723.0,5
1160,1992-03-25,147,1666.0,4
1161,1992-03-25,131,1620.0,6
1162,1992-03-25,21,1610.0,-5
1163,1992-03-25,381,1567.0,3
1164,1992-03-25,92,1252.0,-4
1165,1992-03-25,202,1177.0,-3
1166,1992-04-22,142,2074.0,-3
1167,1992-04-22,95,1864.0,3
1168,1992-04-22,352,1839.0,4
1169,1992-04-22,31,1812.0,1
1170,1992-04-22,360,1811.0,6
1171,1992-04-22,380,1540.0,-6
1172,1992-04-22,3,1449.0,-4
1173,1992-04-22,167,1282.0,26
1174,1992-04-22,92,1251.0,-1
1175,1992-04-22,330,1241.0,-26
1176,1992-06-13,20,1712.0,13
1177,1992-06-13,396,1694.0,-13
1178,1992-06-13,55,1556.0,4
1179,1992-06-13,163,1252.0,-4
1180,1992-07-22,112,1663.0,13
1181,1992-07-22,54,1663.0,-13
1182,1992-07-22,366,1467.0,7
1183,1992-07-22,241,1252.0,-7
1184,1992-08-15,245,1622.0,-9
1185,1992-08-15,143,1622.0,-12
1186,1992-08-15,422,1588.0,3
1187,1992-08-15,388,1504.0,19
1188,1992-08-15,123,1438.0,-19
1189,1992-08-15,355,1363.0,9
1190,1992-08-15,371,1300.0,12
1191,1992-08-15,222,1251.0,-3
1192,1992-10-14,142,1995.0,-7
1193,1992-10-14,175,1982.0,-14
1194,1992-10-14,237,1956.0,-14
1195,1992-10-14,117,1940.0,-14
1196,1992-10-14,100,1899.0,-7
1197,1992-10-14,132,1894.0,6
1198,1992-10-14,171,1887.0,7
1199,1992-10-14,291,1881.0,3
1200,1992-10-14,31,1858.0,14
1201,1992-10-14,352,1830.0,-4
1202,1992-10-14,290,1823.0,-14
1203,1992-10-14,225,1814.0,7
1204,1992-10-14,361,1813.0,14
1205,1992-10-14,277,1797.0,14
1206,1992-10-14,319,1786.0,-6
1207,1992-10-14,278,1786.0,6
1208,1992-10-14,406,1781.0,5
1209,1992-10-14,261,1773.0,14
1210,1992-10-14,399,1676.0,-10
1211,1992-10-14,254,1664.0,4
1212,1992-10-14,334,1664.0,5
1213,1992-10-14,183,1612.0,10
1214,1992-10-14,21,1606.0,-6
1215,1992-10-14,165,1564.0,-3
1216,1992-10-14,382,1485.0,8
1217,1992-10-14,200,1358.0,-5
1218,1992-10-14,92,1322.0,-5
1219,1992-10-14,16,1251.0,4
1220,1992-10-14,227,,-4
1221,1992-10-14,191,1196.0,-8
1222,1992-12-02,48,1803.0,22
1223,1992-12-02,261,1758.0,-15
1224,1992-12-02,399,1644.0,-7
1225,1992-12-02,174,1570.0,-22
1226,1992-12-02,73,1477.0,15
1227,1992-12-02,152,1467.0,6
1228,1992-12-02,178,1411.0,-6
1229,1992-12-02,210,1250.0,7
1230,1993-02-09,372,1354.0,-5
1231,1993-02-09,330,1253.0,5
1232,1993-03-19,282,1483.0,4
1233,1993-03-19,195,1252.0,-4
1234,1993-05-07,179,1589.0,2
1235,1993-05-07,394,1524.0,-2
1236,1993-05-07,25,1361.0,-27
1237,1993-05-07,163,1281.0,27
1238,1993-05-07,195,1253.0,-10
1239,1993-05-07,166,1189.0,10
1240,1993-05-07,26,1063.0,16
1241,1993-05-07,354,819.0,-16
1242,1993-06-14,169,1677.0,10
1243,1993-06-14,168,1640.0,7
1244,1993-06-14,382,1509.0,-7
1245,1993-06-14,181,1341.0,-10
1246,1993-06-14,416,1251.0,12
1247,1993-06-14,266,950.0,-12
1248,1993-08-29,15,1972.0,-16
1249,1993-08-29,42,1928.0,14
1250,1993-08-29,77,1872.0,7
1251,1993-08-29,398,1782.0,3
1252,1993-08-29,37,1713.0,-14
1253,1993-08-29,273,1697.0,16
1254,1993-08-29,275,1550.0,-7
1255,1993-08-29,206,1508.0,6
1256,1993-08-29,403,1323.0,-3
1257,1993-08-29,287,1252.0,-6
1258,1993-11-29,212,1501.0,15
1259,1993-11-29,322,1452.0,9
1260,1993-11-29,155,1251.0,-15
1261,1993-11-29,221,1077.0,-9
1262,1994-01-21,135,1249.0,-8
1263,1994-01-21,156,1120.0,8
1264,1994-03-08,150,1347.0,36
1265,1994-03-08,310,1250.0,-36
1266,1994-05-15,396,1601.0,1
1267,1994-05-15,16,1250.0,-1
1268,1994-07-07,130,1413.0,-26
1269,1994-07-07,337,1253.0,26
1270,1994-07-07,272,1092.0,-6
1271,1994-07-07,400,991.0,6
1272,1994-10-07,399,1710.0,5
1273,1994-10-07,317,1666.0,4
1274,1994-10-07,347,1651.0,-29
1275,1994-10-07,73,1565.0,21
1276,1994-10-07,382,1543.0,10
1277,1994-10-07,190,1540.0,29
1278,1994-10-07,168,1536.0,-21
1279,1994-10-07,372,1349.0,-5
1280,1994-10-07,210,1253.0,-4
1281,1994-10-07,416,1206.0,-10
1282,1995-04-02,137,1443.0,4
1283,1995-04-02,28,1314.0,28
1284,1995-04-02,310,1251.0,-11
1285,1995-04-02,102,1156.0,11
1286,1995-04-02,33,1136.0,-4
1287,1995-04-02,156,1071.0,-28
1288,1995-04-02,166,1069.0,-24
1289,1995-04-02,354,946.0,24
1290,1995-04-02,231,644.0,22
1291,1995-04-02,11,528.0,-22
1292,1995-05-01,310,1253.0,2
1293,1995-05-01,231,642.0,-2
1294,1995-07-21,169,1651.0,5
1295,1995-07-21,379,1579.0,15
1296,1995-07-21,89,1523.0,23
1297,1995-07-21,178,1422.0,-23
1298,1995-07-21,310,1290.0,31
1299,1995-07-21,307,1289.0,-15
1300,1995-07-21,210,1253.0,-5
1301,1995-07-21,135,1238.0,-31
1302,1995-07-21,13,1149.0,-34
1303,1995-07-21,62,1072.0,34
1304,1995-09-06,142,2019.0,4
1305,1995-09-06,175,1985.0,2
1306,1995-09-06,100,1975.0,27
1307,1995-09-06,352,1975.0,2
1308,1995-09-06,132,1914.0,4
1309,1995-09-06,290,1899.0,-2
1310,1995-09-06,291,1891.0,2
1311,1995-09-06,94,1885.0,23
1312,1995-09-06,237,1870.0,2
1313,1995-09-06,48,1870.0,-16
1314,1995-09-06,77,1860.0,3
1315,1995-09-06,117,1858.0,-3
1316,1995-09-06,261,1852.0,-23
1317,1995-09-06,360,1850.0,-7
1318,1995-09-06,361,1830.0,7
1319,1995-09-06,319,1791.0,5
1320,1995-09-06,31,1784.0,-27
1321,1995-09-06,171,1772.0,-36
1322,1995-09-06,277,1763.0,2
1323,1995-09-06,381,1755.0,13
1324,1995-09-06,21,1676.0,36
1325,1995-09-06,334,1666.0,13
1326,1995-09-06,406,1633.0,7
1327,1995-09-06,140,1629.0,-4
1328,1995-09-06,389,1622.0,29
1329,1995-09-06,174,1617.0,-13
1330,1995-09-06,147,1604.0,4
1331,1995-09-06,164,1598.0,-13
1332,1995-09-06,335,1582.0,-2
1333,1995-09-06,205,1548.0,-37
1334,1995-09-06,131,1530.0,-5
1335,1995-09-06,200,1455.0,-29
1336,1995-09-06,23,1449.0,-4
1337,1995-09-06,30,1441.0,-2
1338,1995-09-06,194,1434.0,3
1339,1995-09-06,3,1433.0,16
1340,1995-09-06,92,1380.0,-2
1341,1995-09-06,213,1357.0,-23
1342,1995-09-06,16,1293.0,37
1343,1995-09-06,202,1255.0,23
1344,1995-09-06,127,1171.0,-2
1345,1995-09-06,199,1105.0,-3
1346,1995-09-06,313,986.0,-4
1347,1995-09-06,227,,-7
1348,1995-11-22,346,1648.0,-5
1349,1995-11-22,112,1636.0,-6
1350,1995-11-22,422,1635.0,5
1351,1995-11-22,328,1526.0,-4
1352,1995-11-22,424,1495.0,6
1353,1995-11-22,322,1458.0,4
1354,1995-11-22,154,1319.0,-27
1355,1995-11-22,155,1252.0,27
1356,1996-03-02,190,1492.0,13
1357,1996-03-02,263,1269.0,-13
1358,1996-03-02,167,1254.0,5
1359,1996-03-02,210,1227.0,-5
1360,1996-04-24,42,2071.0,6
1361,1996-04-24,142,2056.0,9
1362,1996-04-24,352,1988.0,-2
1363,1996-04-24,100,1968.0,5
1364,1996-04-24,421,1947.0,0
1365,1996-04-24,291,1925.0,-2
1366,1996-04-24,94,1908.0,5
1367,1996-04-24,237,1908.0,-9
1368,1996-04-24,88,1902.0,2
1369,1996-04-24,290,1891.0,5
1370,1996-04-24,117,1872.0,-2
1371,1996-04-24,77,1867.0,9
1372,1996-04-24,360,1859.0,7
1373,1996-04-24,15,1857.0,12
1374,1996-04-24,398,1843.0,6
1375,1996-04-24,48,1827.0,-2
1376,1996-04-24,261,1817.0,2
1377,1996-04-24,361,1813.0,5
1378,1996-04-24,319,1782.0,-5
1379,1996-04-24,31,1767.0,2
1380,1996-04-24,273,1740.0,-9
1381,1996-04-24,346,1728.0,-6
1382,1996-04-24,171,1721.0,-5
1383,1996-04-24,72,1717.0,12
1384,1996-04-24,111,1688.0,16
1385,1996-04-24,37,1687.0,-12
1386,1996-04-24,21,1682.0,16
1387,1996-04-24,334,1675.0,2
1388,1996-04-24,20,1669.0,-12
1389,1996-04-24,140,1636.0,-5
1390,1996-04-24,254,1634.0,-7
1391,1996-04-24,147,1624.0,23
1392,1996-04-24,406,1615.0,-5
1393,1996-04-24,335,1600.0,-23
1394,1996-04-24,40,1595.0,-6
1395,1996-04-24,164,1584.0,-16
1396,1996-04-24,178,1566.0,5
1397,1996-04-24,165,1563.0,4
1398,1996-04-24,205,1547.0,3
1399,1996-04-24,275,1542.0,-16
1400,1996-04-24,218,1470.0,7
1401,1996-04-24,3,1460.0,6
1402,1996-04-24,403,1335.0,-6
1403,1996-04-24,149,1328.0,-9
1404,1996-04-24,307,1281.0,-7
1405,1996-04-24,310,1279.0,9
1406,1996-04-24,28,1251.0,-5
1407,1996-04-24,127,1183.0,0
1408,1996-04-24,199,1096.0,-3
1409,1996-04-24,121,1092.0,-4
1410,1996-05-26,421,1923.0,-21
1411,1996-05-26,319,1773.0,-9
1412,1996-05-26,396,1743.0,9
1413,1996-05-26,72,1726.0,9
1414,1996-05-26,179,1706.0,21
1415,1996-05-26,37,1674.0,-9
1416,1996-05-26,143,1620.0,-21
1417,1996-05-26,112,1616.0,21
1418,1996-05-26,380,1608.0,6
1419,1996-05-26,5,1602.0,4
1420,1996-05-26,177,1591.0,11
1421,1996-05-26,379,1523.0,8
1422,1996-05-26,178,1515.0,11
1423,1996-05-26,137,1492.0,-11
1424,1996-05-26,184,1468.0,11
1425,1996-05-26,322,1458.0,-6
1426,1996-05-26,382,1432.0,-30
1427,1996-05-26,208,1425.0,7
1428,1996-05-26,195,1406.0,30
1429,1996-05-26,233,1404.0,-7
1430,1996-05-26,388,1382.0,-11
1431,1996-05-26,263,1265.0,-4
1432,1996-05-26,357,1252.0,-8
1433,1996-05-26,306,1207.0,-11
1434,1996-09-07,167,1305.0,15
1435,1996-09-07,404,1252.0,30
1436,1996-09-07,234,1147.0,-30
1437,1996-09-07,53,1051.0,-15
1438,1996-10-13,179,1747.0,4
1439,1996-10-13,55,1646.0,14
1440,1996-10-13,380,1621.0,-4
1441,1996-10-13,161,1577.0,18
1442,1996-10-13,89,1511.0,-14
1443,1996-10-13,310,1251.0,-18
1444,1996-12-04,347,1672.0,-1
1445,1996-12-04,394,1562.0,1
1446,1996-12-04,190,1540.0,-18
1447,1996-12-04,167,1249.0,18
1448,1996-12-15,77,1882.0,5
1449,1996-12-15,273,1812.0,-3
1450,1996-12-15,15,1805.0,-10
1451,1996-12-15,398,1768.0,12
1452,1996-12-15,179,1744.0,-59
1453,1996-12-15,72,1740.0,10
1454,1996-12-15,55,1675.0,30
1455,1996-12-15,37,1664.0,3
1456,1996-12-15,169,1648.0,-24
1457,1996-12-15,190,1635.0,59
1458,1996-12-15,422,1616.0,11
1459,1996-12-15,174,1614.0,3
1460,1996-12-15,394,1609.0,24
1461,1996-12-15,275,1606.0,-12
1462,1996-12-15,116,1520.0,-30
1463,1996-12-15,89,1453.0,-34
1464,1996-12-15,184,1394.0,-11
1465,1996-12-15,269,1376.0,34
1466,1996-12-15,403,1368.0,-5
1467,1996-12-15,202,1255.0,-3
1468,1997-03-25,179,1707.0,2
1469,1997-03-25,111,1695.0,-2
1470,1997-03-25,152,1517.0,2
1471,1997-03-25,263,1252.0,2
1472,1997-03-25,203,999.0,-2
1473,1997-03-25,236,825.0,-2
1474,1997-04-02,142,2084.0,1
1475,1997-04-02,42,2071.0,3
1476,1997-04-02,132,2038.0,3
1477,1997-04-02,175,1991.0,-12
1478,1997-04-02,421,1953.0,26
1479,1997-04-02,237,1926.0,-29
1480,1997-04-02,94,1900.0,-26
1481,1997-04-02,88,1874.0,-16
1482,1997-04-02,290,1865.0,6
1483,1997-04-02,273,1843.0,16
1484,1997-04-02,77,1839.0,-16
1485,1997-04-02,360,1830.0,-3
1486,1997-04-02,48,1817.0,5
1487,1997-04-02,319,1810.0,15
1488,1997-04-02,15,1807.0,-23
1489,1997-04-02,20,1795.0,13
1490,1997-04-02,398,1730.0,4
1491,1997-04-02,72,1724.0,-3
1492,1997-04-02,381,1719.0,29
1493,1997-04-02,361,1714.0,2
1494,1997-04-02,171,1705.0,-25
1495,1997-04-02,147,1705.0,21
1496,1997-04-02,37,1705.0,23
1497,1997-04-02,111,1698.0,3
1498,1997-04-02,21,1690.0,-15
1499,1997-04-02,389,1679.0,14
1500,1997-04-02,277,1671.0,12
1501,1997-04-02,275,1647.0,-3
1502,1997-04-02,254,1636.0,-14
1503,1997-04-02,164,1615.0,-13
1504,1997-04-02,335,1600.0,16
1505,1997-04-02,40,1574.0,-21
1506,1997-04-02,205,1561.0,25
1507,1997-04-02,379,1483.0,2
1508,1997-04-02,131,1476.0,24
1509,1997-04-02,200,1454.0,-6
1510,1997-04-02,92,1442.0,-5
1511,1997-04-02,3,1417.0,-1
1512,1997-04-02,23,1393.0,-24
1513,1997-04-02,194,1391.0,-2
1514,1997-04-02,403,1359.0,-4
1515,1997-04-02,28,1286.0,-2
1516,1997-04-02,149,1253.0,2
1517,1997-04-02,102,1187.0,5
1518,1997-04-02,156,1099.0,-2
1519,1997-04-02,333,967.0,5
1520,1997-04-02,45,818.0,-5
1521,1997-04-02,11,516.0,-5
1522,1997-07-10,178,1558.0,-6
1523,1997-07-10,379,1465.0,6
1524,1997-07-10,194,1429.0,7
1525,1997-07-10,149,1313.0,-20
1526,1997-07-10,306,1254.0,20
1527,1997-07-10,121,1217.0,-7
1528,1997-10-07,277,1705.0,19
1529,1997-10-07,372,1447.0,2
1530,1997-10-07,210,1324.0,2
1531,1997-10-07,167,1294.0,-13
1532,1997-10-07,330,1256.0,-7
1533,1997-10-07,404,1159.0,13
1534,1997-10-07,234,1143.0,7
1535,1997-10-07,47,801.0,-2
1536,1997-10-07,276,734.0,-2
1537,1997-10-07,227,,-19
1538,1997-12-02,322,1425.0,0
1539,1997-12-02,139,1330.0,0
1540,1997-12-02,58,1256.0,-4
1541,1997-12-02,221,1185.0,4
1542,1998-03-20,218,1450.0,22
1543,1998-03-20,28,1276.0,-22
1544,1998-03-20,310,1254.0,-17
1545,1998-03-20,307,1248.0,17
1546,1998-07-22,178,1648.0,2
1547,1998-07-22,218,1479.0,15
1548,1998-07-22,379,1442.0,4
1549,1998-07-22,322,1431.0,3
1550,1998-07-22,158,1404.0,23
1551,1998-07-22,58,1253.0,-3
1552,1998-07-22,238,1219.0,-23
1553,1998-07-22,102,1204.0,-15
1554,1998-07-22,13,1132.0,-4
1555,1998-07-22,62,1102.0,-2
1556,1998-09-11,317,1631.0,3
1557,1998-09-11,371,1256.0,-3
1558,1998-11-19,399,1526.0,6
1559,1998-11-19,404,1246.0,2
1560,1998-11-19,163,1218.0,-2
1561,1998-11-19,166,1111.0,-6
1562,1999-03-16,92,1506.0,-18
1563,1999-03-16,121,1250.0,18
1564,1999-04-13,149,1285.0,-9
1565,1999-04-13,310,1249.0,9
1566,1999-07-06,42,2068.0,7
1567,1999-07-06,225,1879.0,5
1568,1999-07-06,72,1744.0,-7
1569,1999-07-06,403,1398.0,-5
1570,1999-07-06,388,1381.0,24
1571,1999-07-06,208,1252.0,-24
1572,1999-08-28,245,1692.0,-6
1573,1999-08-28,143,1580.0,6
1574,1999-08-28,235,1325.0,-10
1575,1999-08-28,359,1254.0,10
1576,1999-12-19,307,1252.0,-11
1577,1999-12-19,102,1144.0,11
1578,2000-03-19,152,1527.0,3
1579,2000-03-19,89,1506.0,-14
1580,2000-03-19,158,1441.0,16
1581,2000-03-19,269,1384.0,7
1582,2000-03-19,34,1308.0,4
1583,2000-03-19,357,1274.0,16
1584,2000-03-19,307,1272.0,-16
1585,2000-03-19,310,1253.0,6
1586,2000-03-19,359,1213.0,-24
1587,2000-03-19,62,1134.0,14
1588,2000-03-19,102,1132.0,-16
1589,2000-03-19,104,1122.0,3
1590,2000-03-19,32,1071.0,-3
1591,2000-03-19,41,1033.0,24
1592,2000-03-19,243,925.0,-7
1593,2000-03-19,24,851.0,3
1594,2000-03-19,45,829.0,-4
1595,2000-03-19,387,712.0,-6
1596,2000-03-19,231,606.0,-3
1597,2000-03-19,11,497.0,-3
1598,2000-03-25,422,1521.0,2
1599,2000-03-25,372,1501.0,-3
1600,2000-03-25,181,1481.0,-5
1601,2000-03-25,257,1451.0,3
1602,2000-03-25,25,1298.0,5
1603,2000-03-25,208,1251.0,3
1604,2000-03-25,371,1243.0,-3
1605,2000-03-25,210,1229.0,11
1606,2000-03-25,41,1031.0,-2
1607,2000-03-25,367,1020.0,-11
1608,2000-04-16,161,1652.0,1
1609,2000-04-16,379,1595.0,4
1610,2000-04-16,89,1503.0,-8
1611,2000-04-16,116,1445.0,11
1612,2000-04-16,158,1434.0,4
1613,2000-04-16,184,1394.0,2
1614,2000-04-16,388,1372.0,-2
1615,2000-04-16,28,1360.0,5
1616,2000-04-16,34,1305.0,-3
1617,2000-04-16,357,1277.0,8
1618,2000-04-16,310,1268.0,15
1619,2000-04-16,306,1250.0,-15
1620,2000-04-16,13,1163.0,3
1621,2000-04-16,104,1115.0,-4
1622,2000-04-16,32,1060.0,-11
1623,2000-04-16,18,998.0,-5
1624,2000-04-16,243,924.0,-1
1625,2000-04-16,24,845.0,-4
1626,2000-05-28,132,2064.0,14
1627,2000-05-28,421,1946.0,-4
1628,2000-05-28,88,1905.0,-14
1629,2000-05-28,168,1726.0,11
1630,2000-05-28,347,1723.0,4
1631,2000-05-28,346,1679.0,2
1632,2000-05-28,362,1531.0,-11
1633,2000-05-28,183,1449.0,11
1634,2000-05-28,268,1255.0,-11
1635,2000-05-28,213,1233.0,-2
1636,2000-05-28,163,1203.0,7
1637,2000-05-28,203,975.0,-7
1638,2000-07-15,422,1505.0,11
1639,2000-07-15,206,1418.0,5
1640,2000-07-15,52,1418.0,1
1641,2000-07-15,197,1412.0,22
1642,2000-07-15,388,1380.0,21
1643,2000-07-15,137,1376.0,7
1644,2000-07-15,184,1358.0,13
1645,2000-07-15,235,1346.0,25
1646,2000-07-15,355,1344.0,-25
1647,2000-07-15,58,1336.0,-22
1648,2000-07-15,123,1324.0,-11
1649,2000-07-15,208,1248.0,-21
1650,2000-07-15,33,1239.0,-25
1651,2000-07-15,120,1204.0,25
1652,2000-07-15,359,1172.0,-13
1653,2000-07-15,41,1101.0,-5
1654,2000-07-15,314,1074.0,-7
1655,2000-07-15,101,881.0,-1
1656,2000-10-08,42,2016.0,5
1657,2000-10-08,15,1971.0,6
1658,2000-10-08,225,1856.0,15
1659,2000-10-08,398,1757.0,-6
1660,2000-10-08,72,1728.0,-19
1661,2000-10-08,161,1701.0,10
1662,2000-10-08,112,1682.0,8
1663,2000-10-08,275,1681.0,-22
1664,2000-10-08,111,1678.0,19
1665,2000-10-08,232,1670.0,3
1666,2000-10-08,379,1645.0,-15
1667,2000-10-08,178,1594.0,-10
1668,2000-10-08,37,1590.0,22
1669,2000-10-08,143,1558.0,25
1670,2000-10-08,152,1552.0,25
1671,2000-10-08,399,1525.0,9
1672,2000-10-08,372,1506.0,-12
1673,2000-10-08,5,1505.0,4
1674,2000-10-08,154,1504.0,13
1675,2000-10-08,424,1502.0,-25
1676,2000-10-08,422,1493.0,18
1677,2000-10-08,282,1489.0,12
1678,2000-10-08,10,1468.0,-4
1679,2000-10-08,322,1454.0,-13
1680,2000-10-08,403,1423.0,-5
1681,2000-10-08,376,1423.0,27
1682,2000-10-08,116,1422.0,18
1683,2000-10-08,79,1422.0,16
1684,2000-10-08,382,1422.0,-9
1685,2000-10-08,388,1387.0,-27
1686,2000-10-08,184,1353.0,-3
1687,2000-10-08,28,1339.0,-25
1688,2000-10-08,355,1326.0,-8
1689,2000-10-08,235,1323.0,-18
1690,2000-10-08,330,1281.0,-10
1691,2000-10-08,310,1254.0,-18
1692,2000-10-08,222,1227.0,-16
1693,2000-10-08,163,1213.0,10
1694,2000-11-18,372,1541.0,14
1695,2000-11-18,388,1401.0,-10
1696,2000-11-18,167,1366.0,-14
1697,2000-11-18,123,1334.0,10
1698,2000-11-18,210,1302.0,38
1699,2000-11-18,404,1253.0,-38
1700,2001-02-21,190,1623.0,2
1701,2001-02-21,152,1538.0,-1
1702,2001-02-21,269,1392.0,1
1703,2001-02-21,218,1360.0,7
1704,2001-02-21,25,1340.0,12
1705,2001-02-21,307,1253.0,-7
1706,2001-02-21,330,1224.0,-2
1707,2001-02-21,163,1213.0,10
1708,2001-02-21,191,1168.0,-12
1709,2001-02-21,203,965.0,-10
1710,2001-03-08,282,1560.0,6
1711,2001-03-08,210,1321.0,32
1712,2001-03-08,268,1252.0,-6
1713,2001-03-08,163,1178.0,-32
1714,2001-04-21,232,1701.0,4
1715,2001-04-21,245,1657.0,-34
1716,2001-04-21,169,1606.0,1
1717,2001-04-21,322,1540.0,27
1718,2001-04-21,5,1503.0,-27
1719,2001-04-21,10,1483.0,4
1720,2001-04-21,183,1455.0,1
1721,2001-04-21,422,1450.0,-4
1722,2001-04-21,50,1384.0,14
1723,2001-04-21,328,1333.0,34
1724,2001-04-21,235,1319.0,-4
1725,2001-04-21,208,1252.0,-14
1726,2001-04-21,203,907.0,-1
1727,2001-04-21,236,832.0,-1
1728,2001-09-01,132,2114.0,-18
1729,2001-09-01,175,2015.0,-18
1730,2001-09-01,278,2001.0,0
1731,2001-09-01,237,1995.0,-24
1732,2001-09-01,352,1962.0,9
1733,2001-09-01,117,1949.0,50
1734,2001-09-01,88,1890.0,-3
1735,2001-09-01,142,1871.0,-50
1736,2001-09-01,360,1868.0,8
1737,2001-09-01,171,1867.0,24
1738,2001-09-01,94,1849.0,-44
1739,2001-09-01,421,1845.0,18
1740,2001-09-01,277,1819.0,21
1741,2001-09-01,291,1815.0,-23
1742,2001-09-01,100,1804.0,-17
1743,2001-09-01,161,1784.0,28
1744,2001-09-01,396,1781.0,-28
1745,2001-09-01,381,1755.0,22
1746,2001-09-01,319,1748.0,3
1747,2001-09-01,168,1746.0,-9
1748,2001-09-01,85,1740.0,26
1749,2001-09-01,261,1731.0,-21
1750,2001-09-01,48,1728.0,5
1751,2001-09-01,335,1716.0,23
1752,2001-09-01,21,1704.0,-9
1753,2001-09-01,389,1697.0,23
1754,2001-09-01,131,1689.0,25
1755,2001-09-01,174,1675.0,-2
1756,2001-09-01,361,1670.0,-18
1757,2001-09-01,72,1662.0,18
1758,2001-09-01,165,1655.0,44
1759,2001-09-01,334,1653.0,-22
1760,2001-09-01,164,1613.0,-31
1761,2001-09-01,140,1565.0,31
1762,2001-09-01,406,1545.0,-12
1763,2001-09-01,379,1539.0,-26
1764,2001-09-01,40,1539.0,2
1765,2001-09-01,205,1506.0,-8
1766,2001-09-01,372,1504.0,9
1767,2001-09-01,254,1494.0,17
1768,2001-09-01,3,1476.0,-25
1769,2001-09-01,30,1466.0,-23
1770,2001-09-01,16,1437.0,12
1771,2001-09-01,200,1427.0,18
1772,2001-09-01,23,1295.0,-15
1773,2001-09-01,127,1251.0,9
1774,2001-09-01,213,1201.0,-5
1775,2001-09-01,202,1121.0,-9
1776,2001-09-01,227,,15
1777,2001-09-01,9,1052.0,0
1778,2001-10-27,21,1718.0,3
1779,2001-10-27,174,1672.0,-3
1780,2001-10-27,99,1424.0,-18
1781,2001-10-27,388,1379.0,18
1782,2001-10-27,184,1357.0,-26
1783,2001-10-27,371,1254.0,26
1784,2002-02-13,132,2112.0,2
1785,2002-02-13,175,2019.0,3
1786,2002-02-13,15,2013.0,-8
1787,2002-02-13,278,2011.0,2
1788,2002-02-13,237,1991.0,-4
1789,2002-02-13,352,1965.0,-2
1790,2002-02-13,117,1935.0,4
1791,2002-02-13,360,1888.0,-4
1792,2002-02-13,88,1878.0,-7
1793,2002-02-13,142,1876.0,7
1794,2002-02-13,171,1872.0,10
1795,2002-02-13,100,1858.0,9
1796,2002-02-13,421,1844.0,10
1797,2002-02-13,31,1838.0,5
1798,2002-02-13,94,1836.0,7
1799,2002-02-13,291,1829.0,-10
1800,2002-02-13,225,1815.0,-10
1801,2002-02-13,290,1813.0,-2
1802,2002-02-13,396,1798.0,-3
1803,2002-02-13,398,1792.0,5
1804,2002-02-13,277,1759.0,8
1805,2002-02-13,261,1748.0,-5
1806,2002-02-13,273,1717.0,-6
1807,2002-02-13,317,1700.0,-9
1808,2002-02-13,347,1693.0,-5
1809,2002-02-13,48,1687.0,7
1810,2002-02-13,361,1670.0,12
1811,2002-02-13,174,1665.0,-7
1812,2002-02-13,147,1662.0,4
1813,2002-02-13,164,1579.0,-12
1814,2002-02-13,37,1563.0,6
1815,2002-02-13,406,1561.0,8
1816,2002-02-13,254,1535.0,-8
1817,2002-02-13,92,1507.0,-7
1818,2002-02-13,3,1458.0,-6
1819,2002-02-13,200,1394.0,-31
1820,2002-02-13,181,1394.0,31
1821,2002-02-13,213,1264.0,32
1822,2002-02-13,127,1248.0,5
1823,2002-02-13,202,1121.0,6
1824,2002-02-13,199,1051.0,-5
1825,2002-02-13,227,,-32
1826,2002-03-31,233,1250.0,1
1827,2002-03-31,359,1170.0,-1
1828,2002-07-07,242,1542.0,5
1829,2002-07-07,183,1448.0,-4
1830,2002-07-07,424,1442.0,-17
1831,2002-07-07,121,1393.0,4
1832,2002-07-07,366,1346.0,21
1833,2002-07-07,150,1326.0,3
1834,2002-07-07,208,1323.0,17
1835,2002-07-07,337,1250.0,-21
1836,2002-07-07,272,1099.0,-5
1837,2002-07-07,281,888.0,-3
1838,2002-08-21,42,2051.0,-19
1839,2002-08-21,237,2016.0,6
1840,2002-08-21,352,1985.0,-7
1841,2002-08-21,142,1956.0,-5
1842,2002-08-21,132,1950.0,-6
1843,2002-08-21,171,1918.0,15
1844,2002-08-21,175,1917.0,-18
1845,2002-08-21,100,1894.0,7
1846,2002-08-21,381,1875.0,4
1847,2002-08-21,360,1859.0,1
1848,2002-08-21,94,1849.0,7
1849,2002-08-21,88,1838.0,-8
1850,2002-08-21,31,1823.0,1
1851,2002-08-21,290,1816.0,-16
1852,2002-08-21,421,1807.0,8
1853,2002-08-21,291,1775.0,-1
1854,2002-08-21,168,1758.0,11
1855,2002-08-21,261,1754.0,-6
1856,2002-08-21,273,1752.0,19
1857,2002-08-21,277,1744.0,-1
1858,2002-08-21,131,1729.0,-15
1859,2002-08-21,147,1697.0,16
1860,2002-08-21,334,1696.0,-7
1861,2002-08-21,389,1682.0,-11
1862,2002-08-21,21,1672.0,-8
1863,2002-08-21,48,1670.0,5
1864,2002-08-21,319,1669.0,-7
1865,2002-08-21,174,1668.0,8
1866,2002-08-21,361,1664.0,8
1867,2002-08-21,335,1663.0,18
1868,2002-08-21,232,1614.0,3
1869,2002-08-21,380,1609.0,6
1870,2002-08-21,165,1599.0,1
1871,2002-08-21,140,1597.0,-4
1872,2002-08-21,30,1593.0,13
1873,2002-08-21,406,1589.0,8
1874,2002-08-21,403,1578.0,10
1875,2002-08-21,164,1564.0,7
1876,2002-08-21,37,1545.0,-10
1877,2002-08-21,254,1519.0,-3
1878,2002-08-21,40,1516.0,-8
1879,2002-08-21,92,1505.0,3
1880,2002-08-21,399,1483.0,-19
1881,2002-08-21,205,1470.0,6
1882,2002-08-21,194,1414.0,-13
1883,2002-08-21,121,1399.0,6
1884,2002-08-21,200,1385.0,-8
1885,2002-08-21,23,1327.0,19
1886,2002-08-21,287,1283.0,2
1887,2002-08-21,213,1259.0,-6
1888,2002-08-21,127,1253.0,5
1889,2002-08-21,222,1239.0,-2
1890,2002-08-21,202,1105.0,-3
1891,2002-08-21,199,1058.0,-5
1892,2002-08-21,227,,-6
1893,2002-08-21,9,1077.0,-1
1894,2002-10-09,218,1417.0,7
1895,2002-10-09,307,1251.0,-7
1896,2002-10-16,237,2035.0,16
1897,2002-10-16,352,1994.0,-8
1898,2002-10-16,132,1965.0,2
1899,2002-10-16,142,1952.0,0
1900,2002-10-16,117,1950.0,-19
1901,2002-10-16,278,1925.0,10
1902,2002-10-16,381,1892.0,0
1903,2002-10-16,175,1880.0,-29
1904,2002-10-16,94,1871.0,5
1905,2002-10-16,171,1850.0,-34
1906,2002-10-16,421,1819.0,13
1907,2002-10-16,360,1818.0,-10
1908,2002-10-16,179,1817.0,-8
1909,2002-10-16,291,1807.0,5
1910,2002-10-16,290,1807.0,3
1911,2002-10-16,261,1791.0,6
1912,2002-10-16,31,1783.0,8
1913,2002-10-16,273,1763.0,8
1914,2002-10-16,85,1749.0,-3
1915,2002-10-16,48,1749.0,0
1916,2002-10-16,111,1741.0,3
1917,2002-10-16,277,1714.0,6
1918,2002-10-16,361,1709.0,34
1919,2002-10-16,21,1692.0,-16
1920,2002-10-16,389,1691.0,-4
1921,2002-10-16,131,1673.0,-13
1922,2002-10-16,147,1668.0,8
1923,2002-10-16,406,1666.0,29
1924,2002-10-16,164,1602.0,1
1925,2002-10-16,242,1575.0,-6
1926,2002-10-16,165,1559.0,13
1927,2002-10-16,30,1554.0,-5
1928,2002-10-16,178,1544.0,8
1929,2002-10-16,254,1521.0,4
1930,2002-10-16,40,1501.0,-6
1931,2002-10-16,205,1470.0,19
1932,2002-10-16,3,1448.0,-5
1933,2002-10-16,121,1421.0,-8
1934,2002-10-16,16,1420.0,-8
1935,2002-10-16,200,1382.0,-13
1936,2002-10-16,127,1253.0,0
1937,2002-10-16,213,1245.0,-2
1938,2002-10-16,202,1099.0,-3
1939,2002-10-16,9,1076.0,0
1940,2002-10-16,199,1072.0,0
1941,2002-10-16,313,949.0,-1
1942,2002-12-08,388,1448.0,10
1943,2002-12-08,372,1441.0,3
1944,2002-12-08,371,1269.0,-11
1945,2002-12-08,404,1252.0,-3
1946,2002-12-08,120,1177.0,11
1947,2002-12-08,423,1152.0,-10
1948,2003-03-19,225,1833.0,5
1949,2003-03-19,112,1606.0,13
1950,2003-03-19,37,1540.0,-5
1951,2003-03-19,282,1532.0,-13
1952,2003-03-19,359,1249.0,5
1953,2003-03-19,196,1149.0,-5
1954,2003-05-25,245,1737.0,-12
1955,2003-05-25,178,1575.0,12
1956,2003-05-25,376,1429.0,5
1957,2003-05-25,208,1331.0,-2
1958,2003-05-25,33,1251.0,-5
1959,2003-05-25,359,1247.0,-10
1960,2003-05-25,41,1197.0,2
1961,2003-05-25,196,1159.0,10
1962,2003-07-03,403,1618.0,-3
1963,2003-07-03,200,1426.0,41
1964,2003-07-03,121,1420.0,-41
1965,2003-07-03,379,1415.0,3
1966,2003-07-03,366,1380.0,8
1967,2003-07-03,337,1251.0,2
1968,2003-07-03,400,1170.0,4
1969,2003-07-03,241,1132.0,5
1970,2003-07-03,272,1019.0,-8
1971,2003-07-03,385,758.0,-4
1972,2003-07-03,377,670.0,-5
1973,2003-07-03,187,584.0,-2
1974,2003-07-27,42,1993.0,-29
1975,2003-07-27,225,1897.0,29
1976,2003-07-27,422,1448.0,10
1977,2003-07-27,233,1254.0,-10
1978,2003-10-12,42,2013.0,2
1979,2003-10-12,168,1697.0,14
1980,2003-10-12,169,1630.0,4
1981,2003-10-12,178,1589.0,-2
1982,2003-10-12,424,1527.0,3
1983,2003-10-12,242,1526.0,-14
1984,2003-10-12,154,1500.0,5
1985,2003-10-12,25,1479.0,-4
1986,2003-10-12,10,1448.0,-40
1987,2003-10-12,137,1409.0,-3
1988,2003-10-12,197,1382.0,-26
1989,2003-10-12,139,1375.0,26
1990,2003-10-12,292,1369.0,11
1991,2003-10-12,355,1368.0,11
1992,2003-10-12,79,1360.0,14
1993,2003-10-12,58,1342.0,-2
1994,2003-10-12,208,1333.0,40
1995,2003-10-12,210,1319.0,4
1996,2003-10-12,328,1319.0,-14
1997,2003-10-12,67,1309.0,40
1998,2003-10-12,123,1268.0,-40
1999,2003-10-12,52,1265.0,3
2000,2003-10-12,233,1249.0,-5
2001,2003-10-12,359,1205.0,2
2002,2003-10-12,235,1153.0,-11
2003,2003-10-12,120,1153.0,-11
2004,2003-10-12,234,1128.0,-4
2005,2003-10-12,221,1106.0,-3
2006,2003-11-15,132,2049.0,16
2007,2003-11-15,15,2028.0,3
2008,2003-11-15,352,1985.0,5
2009,2003-11-15,237,1983.0,-33
2010,2003-11-15,94,1979.0,2
2011,2003-11-15,278,1915.0,-6
2012,2003-11-15,142,1880.0,-16
2013,2003-11-15,381,1858.0,-33
2014,2003-11-15,398,1849.0,6
2015,2003-11-15,88,1809.0,-12
2016,2003-11-15,147,1796.0,6
2017,2003-11-15,291,1777.0,-13
2018,2003-11-15,273,1774.0,13
2019,2003-11-15,322,1748.0,4
2020,2003-11-15,261,1730.0,-5
2021,2003-11-15,111,1724.0,-13
2022,2003-11-15,77,1691.0,-32
2023,2003-11-15,319,1687.0,33
2024,2003-11-15,335,1684.0,12
2025,2003-11-15,346,1655.0,-8
2026,2003-11-15,72,1646.0,-6
2027,2003-11-15,112,1645.0,8
2028,2003-11-15,406,1639.0,13
2029,2003-11-15,403,1623.0,32
2030,2003-11-15,37,1600.0,-3
2031,2003-11-15,55,1599.0,-2
2032,2003-11-15,177,1591.0,-4
2033,2003-11-15,232,1583.0,4
2034,2003-11-15,194,1543.0,33
2035,2003-11-15,3,1517.0,7
2036,2003-11-15,184,1494.0,8
2037,2003-11-15,422,1440.0,-18
2038,2003-11-15,50,1435.0,-4
2039,2003-11-15,137,1421.0,14
2040,2003-11-15,121,1399.0,-7
2041,2003-11-15,292,1363.0,-6
2042,2003-11-15,208,1324.0,-9
2043,2003-11-15,123,1277.0,9
2044,2003-11-15,52,1251.0,-14
2045,2003-11-15,371,1220.0,-8
2046,2003-11-15,235,1159.0,6
2047,2003-11-15,325,1056.0,18
2048,2004-01-11,263,1555.0,32
2049,2004-01-11,282,1519.0,-32
2050,2004-01-11,394,1447.0,12
2051,2004-01-11,28,1403.0,6
2052,2004-01-11,149,1251.0,-6
2053,2004-01-11,416,1150.0,-12
2054,2004-04-11,233,1254.0,8
2055,2004-04-11,359,1174.0,-8
2056,2004-06-13,132,2072.0,17
2057,2004-06-13,117,1921.0,-17
2058,2004-06-13,396,1846.0,2
2059,2004-06-13,88,1828.0,-9
2060,2004-06-13,322,1719.0,5
2061,2004-06-13,361,1716.0,9
2062,2004-06-13,55,1598.0,3
2063,2004-06-13,116,1482.0,4
2064,2004-06-13,269,1443.0,13
2065,2004-06-13,379,1432.0,12
2066,2004-06-13,306,1375.0,42
2067,2004-06-13,58,1345.0,-5
2068,2004-06-13,28,1338.0,-42
2069,2004-06-13,208,1330.0,-29
2070,2004-06-13,149,1298.0,-2
2071,2004-06-13,233,1296.0,29
2072,2004-06-13,310,1273.0,-9
2073,2004-06-13,307,1248.0,-13
2074,2004-06-13,34,1196.0,-4
2075,2004-06-13,32,1129.0,-3
2076,2004-06-13,104,1071.0,-12
2077,2004-06-13,243,1013.0,9
2078,2004-09-04,15,2030.0,13
2079,2004-09-04,132,1999.0,-17
2080,2004-09-04,117,1964.0,-11
2081,2004-09-04,175,1927.0,8
2082,2004-09-04,278,1899.0,10
2083,2004-09-04,147,1898.0,-34
2084,2004-09-04,100,1866.0,-15
2085,2004-09-04,360,1863.0,5
2086,2004-09-04,290,1848.0,3
2087,2004-09-04,171,1843.0,5
2088,2004-09-04,396,1841.0,4
2089,2004-09-04,381,1832.0,-17
2090,2004-09-04,88,1830.0,10
2091,2004-09-04,291,1779.0,-12
2092,2004-09-04,261,1776.0,-8
2093,2004-09-04,31,1775.0,-18
2094,2004-09-04,277,1756.0,24
2095,2004-09-04,324,1731.0,1
2096,2004-09-04,48,1720.0,31
2097,2004-09-04,161,1692.0,-2
2098,2004-09-04,361,1684.0,4
2099,2004-09-04,21,1679.0,11
2100,2004-09-04,275,1674.0,-13
2101,2004-09-04,174,1672.0,17
2102,2004-09-04,232,1668.0,-8
2103,2004-09-04,406,1663.0,-10
2104,2004-09-04,131,1661.0,1
2105,2004-09-04,389,1654.0,15
2106,2004-09-04,334,1649.0,12
2107,2004-09-04,335,1642.0,10
2108,2004-09-04,380,1631.0,8
2109,2004-09-04,178,1591.0,-33
2110,2004-09-04,164,1589.0,-10
2111,2004-09-04,165,1564.0,-31
2112,2004-09-04,3,1564.0,34
2113,2004-09-04,55,1563.0,2
2114,2004-09-04,205,1529.0,-3
2115,2004-09-04,194,1508.0,-10
2116,2004-09-04,140,1502.0,17
2117,2004-09-04,269,1492.0,33
2118,2004-09-04,254,1491.0,-24
2119,2004-09-04,422,1486.0,11
2120,2004-09-04,379,1478.0,22
2121,2004-09-04,92,1478.0,-5
2122,2004-09-04,184,1472.0,6
2123,2004-09-04,116,1451.0,-4
2124,2004-09-04,200,1434.0,18
2125,2004-09-04,50,1407.0,21
2126,2004-09-04,23,1392.0,10
2127,2004-09-04,121,1391.0,6
2128,2004-09-04,197,1388.0,-11
2129,2004-09-04,306,1365.0,-22
2130,2004-09-04,388,1352.0,-21
2131,2004-09-04,167,1313.0,-19
2132,2004-09-04,208,1271.0,-6
2133,2004-09-04,213,1252.0,-5
2134,2004-09-04,127,1243.0,-4
2135,2004-09-04,330,1166.0,19
2136,2004-09-04,202,1068.0,-6
2137,2004-09-04,313,955.0,-1
2138,2004-09-04,227,,-10
2139,2004-09-04,9,1060.0,-1
2140,2004-12-12,178,1623.0,-13
2141,2004-12-12,89,1566.0,11
2142,2004-12-12,379,1507.0,4
2143,2004-12-12,158,1460.0,11
2144,2004-12-12,184,1459.0,-8
2145,2004-12-12,218,1382.0,-11
2146,2004-12-12,388,1347.0,10
2147,2004-12-12,372,1342.0,2
2148,2004-12-12,355,1333.0,8
2149,2004-12-12,310,1320.0,20
2150,2004-12-12,307,1270.0,13
2151,2004-12-12,306,1268.0,-11
2152,2004-12-12,149,1255.0,-20
2153,2004-12-12,210,1174.0,-29
2154,2004-12-12,234,1159.0,29
2155,2004-12-12,338,1045.0,-10
2156,2004-12-12,45,900.0,-4
2157,2004-12-12,110,682.0,-2
2158,2005-04-09,232,1687.0,0
2159,2005-04-09,317,1589.0,4
2160,2005-04-09,212,1493.0,-3
2161,2005-04-09,5,1460.0,19
2162,2005-04-09,362,1451.0,3
2163,2005-04-09,268,1254.0,-19
2164,2005-04-09,416,1196.0,-4
2165,2005-04-09,266,852.0,0
2166,2005-06-04,94,1997.0,0
2167,2005-06-04,15,1986.0,-46
2168,2005-06-04,237,1983.0,10
2169,2005-06-04,352,1964.0,1
2170,2005-06-04,147,1911.0,0
2171,2005-06-04,175,1908.0,-1
2172,2005-06-04,360,1906.0,1
2173,2005-06-04,225,1906.0,14
2174,2005-06-04,278,1900.0,9
2175,2005-06-04,142,1894.0,5
2176,2005-06-04,88,1870.0,26
2177,2005-06-04,171,1853.0,-13
2178,2005-06-04,396,1853.0,15
2179,2005-06-04,381,1818.0,0
2180,2005-06-04,398,1812.0,-7
2181,2005-06-04,77,1802.0,20
2182,2005-06-04,277,1800.0,10
2183,2005-06-04,261,1794.0,1
2184,2005-06-04,290,1792.0,-10
2185,2005-06-04,389,1786.0,3
2186,2005-06-04,111,1772.0,46
2187,2005-06-04,324,1771.0,-8
2188,2005-06-04,291,1754.0,6
2189,2005-06-04,31,1734.0,8
2190,2005-06-04,361,1724.0,7
2191,2005-06-04,54,1723.0,9
2192,2005-06-04,174,1714.0,13
2193,2005-06-04,85,1690.0,-15
2194,2005-06-04,334,1678.0,-9
2195,2005-06-04,72,1677.0,18
2196,2005-06-04,232,1676.0,4
2197,2005-06-04,48,1671.0,-26
2198,2005-06-04,161,1670.0,0
2199,2005-06-04,275,1667.0,-20
2200,2005-06-04,178,1665.0,0
2201,2005-06-04,335,1649.0,6
2202,2005-06-04,380,1645.0,12
2203,2005-06-04,30,1641.0,-6
2204,2005-06-04,346,1620.0,14
2205,2005-06-04,164,1617.0,22
2206,2005-06-04,319,1609.0,10
2207,2005-06-04,403,1605.0,7
2208,2005-06-04,40,1592.0,3
2209,2005-06-04,37,1589.0,-18
2210,2005-06-04,152,1578.0,-14
2211,2005-06-04,3,1522.0,14
2212,2005-06-04,165,1505.0,-22
2213,2005-06-04,205,1497.0,23
2214,2005-06-04,379,1496.0,23
2215,2005-06-04,140,1491.0,-14
2216,2005-06-04,254,1483.0,-5
2217,2005-06-04,200,1482.0,-1
2218,2005-06-04,194,1471.0,-6
2219,2005-06-04,269,1471.0,-23
2220,2005-06-04,16,1395.0,-23
2221,2005-06-04,121,1385.0,6
2222,2005-06-04,58,1377.0,-14
2223,2005-06-04,23,1360.0,-10
2224,2005-06-04,183,1341.0,-3
2225,2005-06-04,330,1310.0,8
2226,2005-06-04,208,1294.0,-4
2227,2005-06-04,41,1275.0,-12
2228,2005-06-04,33,1263.0,-9
2229,2005-06-04,127,1249.0,-7
2230,2005-06-04,213,1243.0,-1
2231,2005-06-04,210,1215.0,-8
2232,2005-06-04,9,1107.0,0
2233,2005-06-04,199,1100.0,-6
2234,2005-06-04,313,943.0,-3
2235,2005-06-04,227,,-10
2236,2005-08-17,42,2032.0,-2
2237,2005-08-17,237,1998.0,-5
2238,2005-08-17,94,1989.0,-10
2239,2005-08-17,15,1978.0,4
2240,2005-08-17,117,1971.0,-20
2241,2005-08-17,132,1959.0,4
2242,2005-08-17,352,1952.0,6
2243,2005-08-17,175,1912.0,12
2244,2005-08-17,142,1911.0,5
2245,2005-08-17,278,1907.0,4
2246,2005-08-17,360,1901.0,10
2247,2005-08-17,225,1885.0,11
2248,2005-08-17,88,1872.0,2
2249,2005-08-17,396,1867.0,2
2250,2005-08-17,100,1864.0,20
2251,2005-08-17,171,1844.0,-12
2252,2005-08-17,277,1825.0,11
2253,2005-08-17,179,1820.0,15
2254,2005-08-17,389,1818.0,9
2255,2005-08-17,147,1813.0,-15
2256,2005-08-17,381,1810.0,-17
2257,2005-08-17,168,1806.0,-15
2258,2005-08-17,398,1803.0,-6
2259,2005-08-17,290,1797.0,1
2260,2005-08-17,261,1787.0,-22
2261,2005-08-17,111,1759.0,5
2262,2005-08-17,324,1752.0,-9
2263,2005-08-17,291,1750.0,-10
2264,2005-08-17,31,1749.0,15
2265,2005-08-17,273,1749.0,2
2266,2005-08-17,361,1746.0,22
2267,2005-08-17,245,1736.0,7
2268,2005-08-17,131,1717.0,25
2269,2005-08-17,317,1712.0,25
2270,2005-08-17,174,1711.0,-11
2271,2005-08-17,85,1705.0,-11
2272,2005-08-17,380,1697.0,4
2273,2005-08-17,112,1695.0,-4
2274,2005-08-17,48,1688.0,17
2275,2005-08-17,177,1688.0,-4
2276,2005-08-17,275,1682.0,12
2277,2005-08-17,21,1681.0,-5
2278,2005-08-17,72,1676.0,-12
2279,2005-08-17,334,1663.0,-18
2280,2005-08-17,322,1660.0,-3
2281,2005-08-17,232,1654.0,-13
2282,2005-08-17,347,1650.0,-25
2283,2005-08-17,335,1650.0,1
2284,2005-08-17,30,1623.0,-11
2285,2005-08-17,319,1621.0,5
2286,2005-08-17,164,1613.0,-4
2287,2005-08-17,40,1596.0,-14
2288,2005-08-17,403,1589.0,-5
2289,2005-08-17,406,1587.0,-1
2290,2005-08-17,376,1582.0,13
2291,2005-08-17,346,1580.0,-17
2292,2005-08-17,399,1570.0,10
2293,2005-08-17,25,1562.0,-31
2294,2005-08-17,152,1560.0,15
2295,2005-08-17,181,1553.0,-6
2296,2005-08-17,269,1549.0,-15
2297,2005-08-17,143,1544.0,3
2298,2005-08-17,165,1530.0,17
2299,2005-08-17,3,1521.0,4
2300,2005-08-17,10,1514.0,6
2301,2005-08-17,198,1511.0,-7
2302,2005-08-17,140,1508.0,17
2303,2005-08-17,257,1504.0,31
2304,2005-08-17,200,1493.0,11
2305,2005-08-17,379,1488.0,-2
2306,2005-08-17,194,1483.0,10
2307,2005-08-17,254,1479.0,-4
2308,2005-08-17,92,1477.0,25
2309,2005-08-17,205,1470.0,-25
2310,2005-08-17,190,1452.0,-10
2311,2005-08-17,184,1417.0,-4
2312,2005-08-17,16,1397.0,6
2313,2005-08-17,121,1396.0,14
2314,2005-08-17,355,1396.0,9
2315,2005-08-17,116,1383.0,-2
2316,2005-08-17,23,1356.0,-4
2317,2005-08-17,58,1353.0,-6
2318,2005-08-17,183,1315.0,-17
2319,2005-08-17,33,1254.0,-9
2320,2005-08-17,213,1239.0,4
2321,2005-08-17,127,1221.0,-25
2322,2005-08-17,199,1116.0,18
2323,2005-08-17,9,1106.0,-1
2324,2005-09-07,237,2000.0,0
2325,2005-09-07,132,1979.0,19
2326,2005-09-07,94,1953.0,2
2327,2005-09-07,117,1942.0,-36
2328,2005-09-07,352,1939.0,-14
2329,2005-09-07,360,1921.0,10
2330,2005-09-07,175,1917.0,15
2331,2005-09-07,278,1904.0,-3
2332,2005-09-07,142,1892.0,2
2333,2005-09-07,396,1878.0,-12
2334,2005-09-07,100,1873.0,6
2335,2005-09-07,225,1868.0,6
2336,2005-09-07,88,1866.0,-18
2337,2005-09-07,277,1838.0,5
2338,2005-09-07,381,1833.0,26
2339,2005-09-07,171,1825.0,-19
2340,2005-09-07,179,1825.0,5
2341,2005-09-07,147,1817.0,4
2342,2005-09-07,389,1781.0,-26
2343,2005-09-07,324,1773.0,14
2344,2005-09-07,261,1772.0,-33
2345,2005-09-07,361,1756.0,17
2346,2005-09-07,291,1754.0,3
2347,2005-09-07,85,1738.0,8
2348,2005-09-07,31,1727.0,1
2349,2005-09-07,161,1725.0,-5
2350,2005-09-07,174,1724.0,6
2351,2005-09-07,131,1709.0,10
2352,2005-09-07,48,1685.0,7
2353,2005-09-07,334,1677.0,-7
2354,2005-09-07,319,1664.0,33
2355,2005-09-07,21,1661.0,-12
2356,2005-09-07,335,1647.0,15
2357,2005-09-07,40,1637.0,18
2358,2005-09-07,164,1608.0,-10
2359,2005-09-07,406,1575.0,-5
2360,2005-09-07,30,1568.0,-15
2361,2005-09-07,152,1554.0,12
2362,2005-09-07,346,1538.0,-2
2363,2005-09-07,254,1528.0,36
2364,2005-09-07,269,1518.0,-6
2365,2005-09-07,140,1513.0,-6
2366,2005-09-07,165,1511.0,-7
2367,2005-09-07,379,1498.0,-8
2368,2005-09-07,194,1471.0,7
2369,2005-09-07,200,1468.0,-18
2370,2005-09-07,92,1460.0,-17
2371,2005-09-07,205,1460.0,-10
2372,2005-09-07,16,1393.0,-2
2373,2005-09-07,23,1355.0,12
2374,2005-09-07,183,1305.0,-4
2375,2005-09-07,213,1252.0,18
2376,2005-09-07,127,1214.0,-6
2377,2005-09-07,199,1131.0,16
2378,2005-09-07,9,1124.0,0
2379,2005-09-07,202,991.0,-16
2380,2005-09-07,313,942.0,-1
2381,2005-09-07,227,,-15
2382,2005-11-30,388,1325.0,5
2383,2005-11-30,292,1284.0,7
2384,2005-11-30,52,1255.0,-25
2385,2005-11-30,423,1218.0,25
2386,2005-11-30,120,1105.0,-7
2387,2005-11-30,101,853.0,-5
2388,2006-02-25,306,1251.0,5
2389,2006-02-25,308,1011.0,-5
2390,2006-03-01,42,2032.0,5
2391,2006-03-01,237,1995.0,2
2392,2006-03-01,117,1968.0,4
2393,2006-03-01,94,1964.0,-1
2394,2006-03-01,352,1961.0,3
2395,2006-03-01,132,1955.0,-18
2396,2006-03-01,175,1949.0,10
2397,2006-03-01,15,1917.0,-13
2398,2006-03-01,278,1914.0,5
2399,2006-03-01,100,1900.0,12
2400,2006-03-01,142,1881.0,-10
2401,2006-03-01,360,1874.0,-16
2402,2006-03-01,290,1860.0,9
2403,2006-03-01,396,1849.0,10
2404,2006-03-01,88,1847.0,13
2405,2006-03-01,381,1845.0,1
2406,2006-03-01,171,1839.0,16
2407,2006-03-01,277,1837.0,-10
2408,2006-03-01,225,1833.0,4
2409,2006-03-01,398,1816.0,-4
2410,2006-03-01,147,1812.0,3
2411,2006-03-01,168,1804.0,6
2412,2006-03-01,324,1801.0,10
2413,2006-03-01,361,1795.0,15
2414,2006-03-01,273,1775.0,-2
2415,2006-03-01,347,1763.0,3
2416,2006-03-01,77,1760.0,-2
2417,2006-03-01,177,1753.0,-3
2418,2006-03-01,291,1751.0,-5
2419,2006-03-01,261,1738.0,-10
2420,2006-03-01,85,1736.0,-6
2421,2006-03-01,48,1723.0,6
2422,2006-03-01,111,1719.0,-2
2423,2006-03-01,174,1713.0,-12
2424,2006-03-01,334,1700.0,18
2425,2006-03-01,31,1699.0,1
2426,2006-03-01,380,1690.0,-10
2427,2006-03-01,319,1667.0,-15
2428,2006-03-01,322,1659.0,10
2429,2006-03-01,21,1645.0,-23
2430,2006-03-01,131,1628.0,-2
2431,2006-03-01,73,1611.0,-25
2432,2006-03-01,403,1605.0,2
2433,2006-03-01,335,1602.0,-9
2434,2006-03-01,263,1597.0,21
2435,2006-03-01,55,1596.0,23
2436,2006-03-01,406,1595.0,2
2437,2006-03-01,317,1595.0,-5
2438,2006-03-01,30,1584.0,2
2439,2006-03-01,282,1573.0,16
2440,2006-03-01,169,1572.0,25
2441,2006-03-01,399,1567.0,-16
2442,2006-03-01,143,1566.0,-4
2443,2006-03-01,10,1549.0,-3
2444,2006-03-01,362,1519.0,6
2445,2006-03-01,3,1517.0,-15
2446,2006-03-01,181,1513.0,-21
2447,2006-03-01,140,1512.0,14
2448,2006-03-01,254,1506.0,5
2449,2006-03-01,394,1500.0,3
2450,2006-03-01,25,1496.0,3
2451,2006-03-01,200,1477.0,15
2452,2006-03-01,205,1477.0,-6
2453,2006-03-01,92,1463.0,14
2454,2006-03-01,190,1442.0,-3
2455,2006-03-01,121,1421.0,-5
2456,2006-03-01,16,1395.0,-14
2457,2006-03-01,330,1340.0,-28
2458,2006-03-01,183,1325.0,-3
2459,2006-03-01,268,1254.0,28
2460,2006-03-01,213,1253.0,-14
2461,2006-03-01,416,1252.0,42
2462,2006-03-01,163,1230.0,16
2463,2006-03-01,166,1142.0,-42
2464,2006-03-01,26,1032.0,-16
2465,2006-03-01,202,980.0,-1
2466,2006-03-01,367,968.0,-6
2467,2006-03-01,266,877.0,-3
2468,2006-03-29,225,1841.0,8
2469,2006-03-29,273,1767.0,-8
2470,2006-03-29,33,1253.0,-16
2471,2006-03-29,119,1160.0,16
2472,2006-06-04,42,2034.0,2
2473,2006-06-04,237,1995.0,-7
2474,2006-06-04,381,1812.0,-17
2475,2006-06-04,20,1797.0,7
2476,2006-06-04,179,1789.0,1
2477,2006-06-04,77,1777.0,10
2478,2006-06-04,177,1767.0,11
2479,2006-06-04,347,1745.0,-22
2480,2006-06-04,232,1638.0,-10
2481,2006-06-04,143,1617.0,22
2482,2006-06-04,335,1601.0,-11
2483,2006-06-04,242,1517.0,-2
2484,2006-06-04,205,1510.0,17
2485,2006-06-04,5,1415.0,5
2486,2006-06-04,355,1307.0,-5
2487,2006-06-04,213,1252.0,-1
2488,2006-08-15,352,1951.0,-8
2489,2006-08-15,389,1791.0,2
2490,2006-08-15,143,1721.0,6
2491,2006-08-15,174,1713.0,0
2492,2006-08-15,48,1711.0,0
2493,2006-08-15,334,1698.0,1
2494,2006-08-15,406,1605.0,0
2495,2006-08-15,335,1601.0,0
2496,2006-08-15,165,1502.0,8
2497,2006-08-15,376,1454.0,-6
2498,2006-08-15,5,1398.0,-17
2499,2006-08-15,137,1387.0,17
2500,2006-08-15,23,1365.0,-2
2501,2006-08-15,213,1251.0,-1
2502,2006-09-03,42,2068.0,15
2503,2006-09-03,15,1989.0,-15
2504,2006-09-03,54,1784.0,7
2505,2006-09-03,179,1720.0,-24
2506,2006-09-03,380,1633.0,-13
2507,2006-09-03,154,1607.0,-15
2508,2006-09-03,10,1599.0,9
2509,2006-09-03,317,1597.0,24
2510,2006-09-03,422,1552.0,18
2511,2006-09-03,212,1544.0,-7
2512,2006-09-03,99,1489.0,4
2513,2006-09-03,123,1466.0,15
2514,2006-09-03,376,1454.0,6
2515,2006-09-03,198,1447.0,-15
2516,2006-09-03,5,1413.0,15
2517,2006-09-03,139,1358.0,20
2518,2006-09-03,328,1322.0,7
2519,2006-09-03,355,1317.0,10
2520,2006-09-03,58,1296.0,-20
2521,2006-09-03,292,1295.0,-7
2522,2006-09-03,222,1282.0,13
2523,2006-09-03,67,1267.0,-18
2524,2006-09-03,197,1253.0,-21
2525,2006-09-03,33,1247.0,-6
2526,2006-09-03,359,1188.0,-9
2527,2006-09-03,119,1181.0,21
2528,2006-09-03,235,1175.0,-4
2529,2006-09-03,13,1110.0,5
2530,2006-09-03,325,1084.0,-10
2531,2006-09-03,102,1010.0,-5
2532,2006-10-08,245,1782.0,2
2533,2006-10-08,177,1761.0,5
2534,2006-10-08,143,1753.0,19
2535,2006-10-08,347,1711.0,-19
2536,2006-10-08,10,1624.0,5
2537,2006-10-08,178,1611.0,7
2538,2006-10-08,55,1597.0,-7
2539,2006-10-08,212,1554.0,10
2540,2006-10-08,422,1521.0,-31
2541,2006-10-08,99,1493.0,4
2542,2006-10-08,346,1479.0,31
2543,2006-10-08,198,1447.0,-4
2544,2006-10-08,376,1444.0,-10
2545,2006-10-08,137,1394.0,-5
2546,2006-10-08,388,1372.0,2
2547,2006-10-08,79,1370.0,15
2548,2006-10-08,184,1315.0,-5
2549,2006-10-08,244,1304.0,-2
2550,2006-10-08,328,1294.0,-28
2551,2006-10-08,292,1278.0,-17
2552,2006-10-08,233,1277.0,-8
2553,2006-10-08,33,1275.0,28
2554,2006-10-08,197,1270.0,17
2555,2006-10-08,67,1252.0,-15
2556,2006-10-08,52,1245.0,19
2557,2006-10-08,371,1236.0,8
2558,2006-10-08,221,1167.0,-19
2559,2006-10-08,196,1121.0,-2
2560,2007-01-20,263,1613.0,13
2561,2007-01-20,379,1589.0,21
2562,2007-01-20,89,1535.0,-21
2563,2007-01-20,158,1505.0,24
2564,2007-01-20,394,1471.0,6
2565,2007-01-20,190,1457.0,-13
2566,2007-01-20,150,1381.0,-24
2567,2007-01-20,416,1253.0,-6
2568,2007-03-21,177,1782.0,3
2569,2007-03-21,222,1254.0,-3
2570,2007-06-16,396,1809.0,7
2571,2007-06-16,168,1756.0,-9
2572,2007-06-16,232,1660.0,7
2573,2007-06-16,55,1658.0,33
2574,2007-06-16,380,1654.0,3
2575,2007-06-16,169,1603.0,9
2576,2007-06-16,154,1600.0,27
2577,2007-06-16,269,1565.0,-7
2578,2007-06-16,422,1540.0,-17
2579,2007-06-16,152,1509.0,-33
2580,2007-06-16,362,1493.0,13
2581,2007-06-16,99,1446.0,-7
2582,2007-06-16,5,1409.0,-27
2583,2007-06-16,355,1397.0,14
2584,2007-06-16,371,1355.0,28
2585,2007-06-16,50,1345.0,-28
2586,2007-06-16,195,1339.0,-13
2587,2007-06-16,139,1329.0,5
2588,2007-06-16,184,1308.0,-25
2589,2007-06-16,58,1308.0,-5
2590,2007-06-16,41,1303.0,10
2591,2007-06-16,208,1284.0,-7
2592,2007-06-16,67,1251.0,17
2593,2007-06-16,235,1224.0,7
2594,2007-06-16,222,1206.0,-3
2595,2007-06-16,221,1198.0,-10
2596,2007-06-16,120,1177.0,25
2597,2007-06-16,325,1062.0,-14
2598,2007-08-18,362,1498.0,3
2599,2007-08-18,287,1252.0,2
2600,2007-08-18,206,1204.0,-2
2601,2007-08-18,222,1194.0,0
2602,2007-08-18,223,1183.0,0
2603,2007-08-18,26,998.0,-3
2604,2007-09-09,42,2085.0,6
2605,2007-09-09,225,1913.0,1
2606,2007-09-09,396,1736.0,-6
2607,2007-09-09,54,1735.0,-37
2608,2007-09-09,112,1705.0,-16
2609,2007-09-09,85,1644.0,0
2610,2007-09-09,161,1644.0,0
2611,2007-09-09,380,1622.0,-28
2612,2007-09-09,154,1611.0,7
2613,2007-09-09,269,1570.0,-1
2614,2007-09-09,422,1557.0,36
2615,2007-09-09,346,1454.0,-36
2616,2007-09-09,424,1454.0,10
2617,2007-09-09,355,1433.0,28
2618,2007-09-09,79,1412.0,-4
2619,2007-09-09,5,1389.0,-19
2620,2007-09-09,139,1348.0,19
2621,2007-09-09,58,1301.0,-7
2622,2007-09-09,52,1278.0,16
2623,2007-09-09,67,1255.0,4
2624,2007-09-09,208,1253.0,-10
2625,2007-09-09,119,1241.0,37
2626,2007-09-09,359,1187.0,-6
2627,2007-09-09,120,1183.0,6
2628,2007-09-09,222,1182.0,-12
2629,2007-09-09,325,1077.0,12
2630,2007-10-17,42,2087.0,4
2631,2007-10-17,132,2032.0,2
2632,2007-10-17,175,2019.0,1
2633,2007-10-17,237,1982.0,3
2634,2007-10-17,142,1956.0,-56
2635,2007-10-17,352,1948.0,-5
2636,2007-10-17,117,1935.0,-24
2637,2007-10-17,94,1928.0,56
2638,2007-10-17,290,1928.0,1
2639,2007-10-17,278,1891.0,3
2640,2007-10-17,225,1881.0,-18
2641,2007-10-17,100,1848.0,4
2642,2007-10-17,361,1823.0,-15
2643,2007-10-17,147,1822.0,26
2644,2007-10-17,360,1810.0,-16
2645,2007-10-17,398,1808.0,-18
2646,2007-10-17,291,1808.0,24
2647,2007-10-17,77,1801.0,-8
2648,2007-10-17,261,1791.0,21
2649,2007-10-17,273,1785.0,18
2650,2007-10-17,381,1785.0,-26
2651,2007-10-17,179,1779.0,26
2652,2007-10-17,171,1774.0,-16
2653,2007-10-17,319,1772.0,-45
2654,2007-10-17,277,1765.0,-17
2655,2007-10-17,389,1764.0,1
2656,2007-10-17,72,1761.0,15
2657,2007-10-17,177,1761.0,-12
2658,2007-10-17,323,1752.0,17
2659,2007-10-17,396,1751.0,15
2660,2007-10-17,48,1743.0,-7
2661,2007-10-17,174,1718.0,3
2662,2007-10-17,112,1681.0,-26
2663,2007-10-17,131,1668.0,5
2664,2007-10-17,111,1659.0,-4
2665,2007-10-17,230,1653.0,6
2666,2007-10-17,232,1651.0,2
2667,2007-10-17,275,1645.0,-15
2668,2007-10-17,31,1642.0,13
2669,2007-10-17,85,1637.0,-5
2670,2007-10-17,380,1631.0,9
2671,2007-10-17,164,1625.0,17
2672,2007-10-17,406,1609.0,1
2673,2007-10-17,21,1604.0,12
2674,2007-10-17,37,1572.0,8
2675,2007-10-17,140,1568.0,45
2676,2007-10-17,335,1562.0,-3
2677,2007-10-17,254,1551.0,16
2678,2007-10-17,158,1547.0,5
2679,2007-10-17,92,1545.0,16
2680,2007-10-17,40,1544.0,-21
2681,2007-10-17,3,1534.0,7
2682,2007-10-17,242,1523.0,32
2683,2007-10-17,152,1521.0,18
2684,2007-10-17,205,1513.0,3
2685,2007-10-17,379,1501.0,-1
2686,2007-10-17,200,1496.0,-2
2687,2007-10-17,394,1492.0,-9
2688,2007-10-17,30,1490.0,-3
2689,2007-10-17,346,1467.0,-1
2690,2007-10-17,194,1465.0,-4
2691,2007-10-17,16,1453.0,-13
2692,2007-10-17,165,1409.0,-54
2693,2007-10-17,23,1385.0,-17
2694,2007-10-17,121,1382.0,-6
2695,2007-10-17,116,1381.0,1
2696,2007-10-17,183,1348.0,-3
2697,2007-10-17,130,1306.0,-32
2698,2007-10-17,235,1280.0,-2
2699,2007-10-17,213,1252.0,-15
2700,2007-10-17,328,1241.0,15
2701,2007-10-17,155,1213.0,-15
2702,2007-10-17,199,1202.0,54
2703,2007-10-17,127,1162.0,-1
2704,2007-10-17,9,1086.0,-3
2705,2007-10-17,202,1038.0,-1
2706,2007-10-17,313,928.0,-1
2707,2007-10-17,227,,15
2708,2007-11-17,15,2038.0,3
2709,2007-11-17,175,2031.0,12
2710,2007-11-17,237,1982.0,0
2711,2007-11-17,352,1962.0,14
2712,2007-11-17,142,1960.0,4
2713,2007-11-17,94,1934.0,6
2714,2007-11-17,290,1903.0,-25
2715,2007-11-17,278,1893.0,2
2716,2007-11-17,88,1865.0,-51
2717,2007-11-17,147,1824.0,2
2718,2007-11-17,100,1818.0,-30
2719,2007-11-17,381,1811.0,26
2720,2007-11-17,77,1809.0,8
2721,2007-11-17,273,1801.0,16
2722,2007-11-17,360,1796.0,-14
2723,2007-11-17,291,1789.0,-19
2724,2007-11-17,277,1778.0,13
2725,2007-11-17,171,1770.0,-4
2726,2007-11-17,48,1768.0,25
2727,2007-11-17,261,1765.0,-26
2728,2007-11-17,319,1760.0,-12
2729,2007-11-17,396,1759.0,8
2730,2007-11-17,177,1745.0,-16
2731,2007-11-17,174,1737.0,19
2732,2007-11-17,245,1735.0,-11
2733,2007-11-17,20,1730.0,11
2734,2007-11-17,389,1721.0,-43
2735,2007-11-17,131,1672.0,4
2736,2007-11-17,322,1670.0,8
2737,2007-11-17,161,1664.0,6
2738,2007-11-17,403,1653.0,-8
2739,2007-11-17,334,1652.0,-6
2740,2007-11-17,111,1643.0,-16
2741,2007-11-17,380,1633.0,2
2742,2007-11-17,31,1629.0,-13
2743,2007-11-17,406,1613.0,4
2744,2007-11-17,212,1586.0,-8
2745,2007-11-17,164,1584.0,-41
2746,2007-11-17,254,1581.0,30
2747,2007-11-17,37,1569.0,-3
2748,2007-11-17,205,1564.0,51
2749,2007-11-17,92,1541.0,-4
2750,2007-11-17,10,1541.0,16
2751,2007-11-17,200,1539.0,43
2752,2007-11-17,242,1536.0,13
2753,2007-11-17,30,1532.0,42
2754,2007-11-17,152,1515.0,-6
2755,2007-11-17,3,1492.0,-42
2756,2007-11-17,194,1473.0,8
2757,2007-11-17,346,1459.0,-8
2758,2007-11-17,16,1451.0,-2
2759,2007-11-17,394,1436.0,-19
2760,2007-11-17,121,1395.0,15
2761,2007-11-17,33,1382.0,19
2762,2007-11-17,23,1381.0,-4
2763,2007-11-17,130,1297.0,-9
2764,2007-11-17,241,1282.0,9
2765,2007-11-17,235,1277.0,-2
2766,2007-11-17,213,1250.0,-2
2767,2007-11-17,328,1245.0,4
2768,2007-11-17,400,1231.0,-13
2769,2007-11-17,206,1224.0,14
2770,2007-11-17,155,1209.0,-4
2771,2007-11-17,199,1194.0,-8
2772,2007-11-17,9,1071.0,-15
2773,2007-11-17,202,1038.0,0
2774,2007-11-17,78,847.0,-14
2775,2007-11-17,227,,41
2776,2008-02-04,54,1755.0,19
2777,2008-02-04,112,1754.0,14
2778,2008-02-04,380,1628.0,-19
2779,2008-02-04,10,1566.0,-14
2780,2008-02-04,30,1559.0,-21
2781,2008-02-04,16,1453.0,21
2782,2008-02-04,165,1374.0,-18
2783,2008-02-04,213,1250.0,18
2784,2008-04-24,263,1529.0,2
2785,2008-04-24,197,1252.0,-2
2786,2008-05-31,42,2085.0,1
2787,2008-05-31,132,2004.0,-7
2788,2008-05-31,352,1983.0,1
2789,2008-05-31,142,1960.0,3
2790,2008-05-31,290,1908.0,5
2791,2008-05-31,88,1870.0,-5
2792,2008-05-31,278,1860.0,2
2793,2008-05-31,273,1804.0,7
2794,2008-05-31,54,1768.0,2
2795,2008-05-31,323,1728.0,-3
2796,2008-05-31,232,1675.0,5
2797,2008-05-31,230,1666.0,-5
2798,2008-05-31,347,1659.0,-13
2799,2008-05-31,275,1632.0,-1
2800,2008-05-31,55,1609.0,-1
2801,2008-05-31,322,1601.0,6
2802,2008-05-31,200,1589.0,8
2803,2008-05-31,164,1580.0,5
2804,2008-05-31,422,1537.0,-27
2805,2008-05-31,181,1521.0,13
2806,2008-05-31,140,1504.0,-2
2807,2008-05-31,376,1464.0,27
2808,2008-05-31,388,1406.0,8
2809,2008-05-31,121,1405.0,-8
2810,2008-05-31,5,1399.0,-6
2811,2008-05-31,292,1346.0,16
2812,2008-05-31,41,1333.0,-10
2813,2008-05-31,58,1310.0,-2
2814,2008-05-31,184,1306.0,-18
2815,2008-05-31,371,1305.0,-12
2816,2008-05-31,123,1305.0,-5
2817,2008-05-31,208,1299.0,3
2818,2008-05-31,235,1282.0,18
2819,2008-05-31,244,1256.0,-8
2820,2008-05-31,206,1251.0,10
2821,2008-05-31,221,1201.0,-16
2822,2008-05-31,222,1177.0,12
2823,2008-05-31,101,806.0,-3
2824,2008-07-22,208,1337.0,2
2825,2008-07-22,235,1253.0,-7
2826,2008-07-22,210,1162.0,3
2827,2008-07-22,166,1149.0,-3
2828,2008-07-22,196,1135.0,7
2829,2008-07-22,78,839.0,-2
2830,2008-08-24,198,1535.0,4
2831,2008-08-24,257,1529.0,-8
2832,2008-08-24,282,1508.0,8
2833,2008-08-24,67,1253.0,-4
2834,2008-10-15,352,2098.0,5
2835,2008-10-15,237,2024.0,10
2836,2008-10-15,42,2010.0,-16
2837,2008-10-15,175,2008.0,3
2838,2008-10-15,142,1979.0,3
2839,2008-10-15,117,1975.0,10
2840,2008-10-15,15,1968.0,-27
2841,2008-10-15,291,1882.0,11
2842,2008-10-15,88,1881.0,0
2843,2008-10-15,225,1850.0,-9
2844,2008-10-15,273,1849.0,5
2845,2008-10-15,94,1845.0,5
2846,2008-10-15,278,1827.0,-17
2847,2008-10-15,381,1821.0,-15
2848,2008-10-15,72,1803.0,27
2849,2008-10-15,48,1799.0,-11
2850,2008-10-15,396,1798.0,-29
2851,2008-10-15,168,1790.0,5
2852,2008-10-15,361,1788.0,28
2853,2008-10-15,171,1786.0,5
2854,2008-10-15,147,1769.0,-28
2855,2008-10-15,323,1768.0,26
2856,2008-10-15,174,1750.0,-8
2857,2008-10-15,179,1749.0,-15
2858,2008-10-15,20,1744.0,11
2859,2008-10-15,77,1738.0,16
2860,2008-10-15,277,1726.0,-22
2861,2008-10-15,111,1719.0,-31
2862,2008-10-15,261,1712.0,-10
2863,2008-10-15,161,1701.0,-23
2864,2008-10-15,143,1700.0,-13
2865,2008-10-15,347,1689.0,8
2866,2008-10-15,131,1677.0,-11
2867,2008-10-15,85,1674.0,8
2868,2008-10-15,230,1666.0,-3
2869,2008-10-15,403,1665.0,31
2870,2008-10-15,200,1643.0,1
2871,2008-10-15,31,1641.0,-5
2872,2008-10-15,406,1636.0,-3
2873,2008-10-15,334,1628.0,22
2874,2008-10-15,275,1610.0,-5
2875,2008-10-15,164,1604.0,7
2876,2008-10-15,335,1594.0,-5
2877,2008-10-15,178,1593.0,23
2878,2008-10-15,55,1589.0,9
2879,2008-10-15,30,1579.0,-10
2880,2008-10-15,379,1577.0,29
2881,2008-10-15,21,1575.0,-26
2882,2008-10-15,254,1565.0,1
2883,2008-10-15,205,1565.0,-24
2884,2008-10-15,40,1561.0,15
2885,2008-10-15,257,1556.0,-5
2886,2008-10-15,399,1555.0,15
2887,2008-10-15,25,1531.0,-17
2888,2008-10-15,194,1526.0,8
2889,2008-10-15,92,1525.0,-5
2890,2008-10-15,282,1523.0,-11
2891,2008-10-15,152,1517.0,-21
2892,2008-10-15,140,1517.0,11
2893,2008-10-15,346,1509.0,13
2894,2008-10-15,3,1506.0,17
2895,2008-10-15,116,1489.0,10
2896,2008-10-15,150,1485.0,15
2897,2008-10-15,89,1447.0,21
2898,2008-10-15,165,1444.0,24
2899,2008-10-15,158,1422.0,-8
2900,2008-10-15,16,1412.0,-15
2901,2008-10-15,394,1408.0,-8
2902,2008-10-15,121,1399.0,15
2903,2008-10-15,218,1370.0,-15
2904,2008-10-15,23,1366.0,17
2905,2008-10-15,357,1251.0,-10
2906,2008-10-15,149,1235.0,12
2907,2008-10-15,213,1229.0,-7
2908,2008-10-15,210,1173.0,8
2909,2008-10-15,127,1169.0,-1
2910,2008-10-15,202,1088.0,13
2911,2008-10-15,9,1049.0,0
2912,2008-10-15,62,978.0,-12
2913,2008-10-15,236,937.0,-8
2914,2008-10-15,313,922.0,-1
2915,2008-10-15,227,,-13
2916,2008-11-05,379,1579.0,2
2917,2008-11-05,156,1252.0,-7
2918,2008-11-05,13,1193.0,-2
2919,2008-11-05,306,1131.0,7
2920,2008-11-16,372,1417.0,-3
2921,2008-11-16,404,1251.0,3
2922,2009-01-19,263,1592.0,-18
2923,2009-01-19,167,1257.0,18
2924,2009-06-03,396,1798.0,-29
2925,2009-06-03,85,1770.0,29
2926,2009-06-03,25,1610.0,9
2927,2009-06-03,242,1496.0,-12
2928,2009-06-03,181,1482.0,-9
2929,2009-06-03,371,1360.0,12
2930,2009-06-03,13,1253.0,15
2931,2009-06-03,156,1231.0,-15
2932,2009-07-11,396,1865.0,-23
2933,2009-07-11,161,1731.0,6
2934,2009-07-11,158,1442.0,23
2935,2009-07-11,149,1251.0,-6
2936,2009-08-25,257,1538.0,-15
2937,2009-08-25,195,1249.0,-7
2938,2009-08-25,163,1232.0,15
2939,2009-08-25,191,1140.0,7
2940,2009-08-25,367,938.0,5
2941,2009-08-25,151,602.0,-5
2942,2010-02-18,368,1254.0,13
2943,2010-02-18,234,1223.0,8
2944,2010-02-18,26,956.0,-8
2945,2010-02-18,354,906.0,-13
2946,2010-05-31,346,1579.0,8
2947,2010-05-31,152,1427.0,-8
2948,2010-05-31,218,1372.0,-1
2949,2010-05-31,149,1252.0,1
2950,2010-09-04,225,1846.0,-16
2951,2010-09-04,389,1810.0,-2
2952,2010-09-04,273,1779.0,-8
2953,2010-09-04,177,1778.0,4
2954,2010-09-04,179,1770.0,8
2955,2010-09-04,111,1732.0,16
2956,2010-09-04,161,1688.0,-8
2957,2010-09-04,54,1663.0,3
2958,2010-09-04,277,1653.0,2
2959,2010-09-04,346,1632.0,4
2960,2010-09-04,275,1606.0,20
2961,2010-09-04,380,1584.0,-15
2962,2010-09-04,55,1580.0,-20
2963,2010-09-04,388,1566.0,17
2964,2010-09-04,232,1550.0,-18
2965,2010-09-04,212,1508.0,-23
2966,2010-09-04,116,1507.0,8
2967,2010-09-04,372,1452.0,2
2968,2010-09-04,152,1432.0,5
2969,2010-09-04,10,1430.0,-17
2970,2010-09-04,139,1423.0,15
2971,2010-09-04,376,1408.0,-17
2972,2010-09-04,58,1393.0,23
2973,2010-09-04,292,1393.0,-4
2974,2010-09-04,41,1389.0,17
2975,2010-09-04,208,1379.0,15
2976,2010-09-04,79,1367.0,-29
2977,2010-09-04,355,1333.0,29
2978,2010-09-04,184,1319.0,-20
2979,2010-09-04,235,1306.0,-15
2980,2010-09-04,244,1257.0,-4
2981,2010-09-04,155,1252.0,20
2982,2010-09-04,65,1193.0,18
2983,2010-09-04,166,1160.0,-2
2984,2010-09-04,243,1075.0,-5
2985,2010-09-04,222,1030.0,-3
2986,2010-10-08,352,2139.0,1
2987,2010-10-08,237,2095.0,2
2988,2010-10-08,142,2068.0,9
2989,2010-10-08,15,1979.0,-13
2990,2010-10-08,398,1887.0,2
2991,2010-10-08,278,1863.0,14
2992,2010-10-08,291,1843.0,23
2993,2010-10-08,175,1835.0,-9
2994,2010-10-08,381,1812.0,-9
2995,2010-10-08,389,1812.0,-7
2996,2010-10-08,261,1801.0,14
2997,2010-10-08,179,1785.0,13
2998,2010-10-08,77,1765.0,9
2999,2010-10-08,171,1750.0,-23
3000,2010-10-08,361,1743.0,-19
3001,2010-10-08,94,1733.0,12
3002,2010-10-08,323,1728.0,-55
3003,2010-10-08,147,1727.0,7
3004,2010-10-08,100,1724.0,-14
3005,2010-10-08,111,1715.0,-9
3006,2010-10-08,48,1701.0,20
3007,2010-10-08,230,1697.0,19
3008,2010-10-08,335,1694.0,2
3009,2010-10-08,334,1671.0,-47
3010,2010-10-08,85,1666.0,-13
3011,2010-10-08,319,1660.0,-12
3012,2010-10-08,30,1632.0,-17
3013,2010-10-08,275,1630.0,13
3014,2010-10-08,73,1627.0,5
3015,2010-10-08,40,1612.0,2
3016,2010-10-08,21,1608.0,13
3017,2010-10-08,164,1605.0,1
3018,2010-10-08,31,1598.0,19
3019,2010-10-08,200,1598.0,-1
3020,2010-10-08,55,1597.0,7
3021,2010-10-08,269,1596.0,5
3022,2010-10-08,254,1593.0,9
3023,2010-10-08,137,1582.0,-8
3024,2010-10-08,205,1581.0,4
3025,2010-10-08,406,1564.0,-20
3026,2010-10-08,263,1564.0,8
3027,2010-10-08,25,1564.0,20
3028,2010-10-08,92,1560.0,-14
3029,2010-10-08,194,1545.0,-7
3030,2010-10-08,3,1544.0,-2
3031,2010-10-08,190,1539.0,-20
3032,2010-10-08,362,1516.0,-5
3033,2010-10-08,121,1514.0,55
3034,2010-10-08,116,1484.0,-5
3035,2010-10-08,140,1479.0,4
3036,2010-10-08,16,1437.0,47
3037,2010-10-08,23,1427.0,-13
3038,2010-10-08,404,1329.0,-19
3039,2010-10-08,183,1322.0,-19
3040,2010-10-08,167,1257.0,-2
3041,2010-10-08,28,1252.0,1
3042,2010-10-08,310,1230.0,-9
3043,2010-10-08,213,1204.0,-4
3044,2010-10-08,127,1196.0,-2
3045,2010-10-08,166,1179.0,19
3046,2010-10-08,306,1176.0,9
3047,2010-10-08,202,1108.0,17
3048,2010-10-08,9,1018.0,-4
3049,2010-10-08,313,912.0,-1
3050,2010-10-08,231,535.0,-1
3051,2010-10-08,227,,-2
3052,2010-11-14,190,1548.0,5
3053,2010-11-14,362,1536.0,20
3054,2010-11-14,25,1520.0,-20
3055,2010-11-14,89,1462.0,-7
3056,2010-11-14,357,1264.0,25
3057,2010-11-14,13,1250.0,7
3058,2010-11-14,166,1156.0,-5
3059,2010-11-14,102,1081.0,-25
3060,2010-12-15,404,1252.0,-30
3061,2010-12-15,210,1214.0,30
3062,2011-02-09,352,2117.0,1
3063,2011-02-09,237,2105.0,1
3064,2011-02-09,42,2079.0,-15
3065,2011-02-09,142,2059.0,-7
3066,2011-02-09,15,2000.0,7
3067,2011-02-09,117,1931.0,7
3068,2011-02-09,88,1918.0,5
3069,2011-02-09,278,1891.0,-7
3070,2011-02-09,225,1852.0,7
3071,2011-02-09,175,1838.0,7
3072,2011-02-09,360,1827.0,-1
3073,2011-02-09,132,1817.0,15
3074,2011-02-09,291,1814.0,-13
3075,2011-02-09,389,1805.0,1
3076,2011-02-09,347,1795.0,2
3077,2011-02-09,261,1794.0,-14
3078,2011-02-09,381,1774.0,-2
3079,2011-02-09,77,1761.0,-1
3080,2011-02-09,323,1757.0,17
3081,2011-02-09,147,1753.0,4
3082,2011-02-09,361,1745.0,-9
3083,2011-02-09,94,1735.0,-5
3084,2011-02-09,168,1734.0,13
3085,2011-02-09,111,1729.0,3
3086,2011-02-09,100,1725.0,-7
3087,2011-02-09,161,1717.0,-3
3088,2011-02-09,290,1713.0,-3
3089,2011-02-09,335,1700.0,8
3090,2011-02-09,403,1699.0,-4
3091,2011-02-09,277,1686.0,14
3092,2011-02-09,319,1677.0,20
3093,2011-02-09,174,1669.0,-17
3094,2011-02-09,85,1668.0,4
3095,2011-02-09,54,1658.0,11
3096,2011-02-09,30,1658.0,-8
3097,2011-02-09,245,1653.0,1
3098,2011-02-09,164,1649.0,8
3099,2011-02-09,334,1637.0,-19
3100,2011-02-09,40,1620.0,-7
3101,2011-02-09,31,1616.0,-4
3102,2011-02-09,346,1608.0,2
3103,2011-02-09,21,1603.0,-1
3104,2011-02-09,131,1597.0,4
3105,2011-02-09,55,1593.0,-4
3106,2011-02-09,322,1588.0,10
3107,2011-02-09,137,1574.0,9
3108,2011-02-09,232,1571.0,4
3109,2011-02-09,254,1556.0,-20
3110,2011-02-09,205,1555.0,-11
3111,2011-02-09,92,1540.0,3
3112,2011-02-09,198,1530.0,5
3113,2011-02-09,3,1519.0,-8
3114,2011-02-09,140,1513.0,8
3115,2011-02-09,422,1511.0,7
3116,2011-02-09,154,1503.0,-10
3117,2011-02-09,50,1492.0,-13
3118,2011-02-09,116,1481.0,6
3119,2011-02-09,23,1449.0,-8
3120,2011-02-09,33,1436.0,-5
3121,2011-02-09,16,1433.0,-8
3122,2011-02-09,41,1429.0,2
3123,2011-02-09,158,1428.0,-6
3124,2011-02-09,208,1420.0,9
3125,2011-02-09,58,1414.0,13
3126,2011-02-09,99,1408.0,-9
3127,2011-02-09,139,1383.0,-22
3128,2011-02-09,233,1380.0,-2
3129,2011-02-09,371,1366.0,3
3130,2011-02-09,183,1328.0,8
3131,2011-02-09,244,1301.0,-4
3132,2011-02-09,328,1290.0,-1
3133,2011-02-09,235,1280.0,-9
3134,2011-02-09,184,1264.0,-2
3135,2011-02-09,155,1261.0,22
3136,2011-02-09,210,1254.0,10
3137,2011-02-09,213,1212.0,9
3138,2011-02-09,163,1210.0,-10
3139,2011-02-09,199,1176.0,6
3140,2011-02-09,268,1160.0,-3
3141,2011-02-09,359,1143.0,-7
3142,2011-02-09,202,1132.0,19
3143,2011-02-09,9,1013.0,-1
3144,2011-02-09,276,960.0,11
3145,2011-02-09,313,901.0,-6
3146,2011-02-09,53,816.0,12
3147,2011-02-09,229,781.0,-11
3148,2011-02-09,203,660.0,-12
3149,2011-02-09,227,,1
3150,2011-03-26,142,2060.0,1
3151,2011-03-26,15,1999.0,-4
3152,2011-03-26,117,1941.0,10
3153,2011-03-26,72,1896.0,3
3154,2011-03-26,278,1888.0,-3
3155,2011-03-26,88,1884.0,-34
3156,2011-03-26,225,1864.0,12
3157,2011-03-26,291,1801.0,-13
3158,2011-03-26,261,1785.0,-9
3159,2011-03-26,77,1775.0,14
3160,2011-03-26,396,1772.0,4
3161,2011-03-26,273,1772.0,-12
3162,2011-03-26,112,1768.0,-25
3163,2011-03-26,147,1756.0,3
3164,2011-03-26,171,1753.0,6
3165,2011-03-26,361,1748.0,3
3166,2011-03-26,100,1734.0,9
3167,2011-03-26,111,1715.0,-14
3168,2011-03-26,48,1701.0,-3
3169,2011-03-26,290,1693.0,-20
3170,2011-03-26,174,1677.0,8
3171,2011-03-26,85,1664.0,-4
3172,2011-03-26,54,1640.0,-18
3173,2011-03-26,40,1640.0,20
3174,2011-03-26,334,1639.0,2
3175,2011-03-26,30,1636.0,-22
3176,2011-03-26,346,1633.0,25
3177,2011-03-26,73,1625.0,4
3178,2011-03-26,322,1606.0,18
3179,2011-03-26,169,1603.0,11
3180,2011-03-26,388,1568.0,10
3181,2011-03-26,205,1549.0,-6
3182,2011-03-26,140,1547.0,34
3183,2011-03-26,3,1541.0,22
3184,2011-03-26,190,1535.0,0
3185,2011-03-26,406,1534.0,-10
3186,2011-03-26,92,1529.0,-11
3187,2011-03-26,181,1528.0,0
3188,2011-03-26,194,1523.0,-8
3189,2011-03-26,212,1523.0,6
3190,2011-03-26,50,1503.0,11
3191,2011-03-26,257,1490.0,-11
3192,2011-03-26,165,1447.0,11
3193,2011-03-26,16,1446.0,13
3194,2011-03-26,41,1437.0,14
3195,2011-03-26,10,1435.0,-25
3196,2011-03-26,208,1432.0,12
3197,2011-03-26,58,1424.0,10
3198,2011-03-26,371,1375.0,9
3199,2011-03-26,292,1370.0,12
3200,2011-03-26,376,1363.0,-12
3201,2011-03-26,183,1327.0,-1
3202,2011-03-26,424,1322.0,-6
3203,2011-03-26,184,1289.0,25
3204,2011-03-26,235,1275.0,-11
3205,2011-03-26,155,1251.0,-10
3206,2011-03-26,65,1231.0,-9
3207,2011-03-26,197,1218.0,-10
3208,2011-03-26,213,1209.0,-3
3209,2011-03-26,67,1199.0,-14
3210,2011-03-26,52,1198.0,-12
3211,2011-03-26,9,1011.0,-2
3212,2011-06-04,352,2131.0,7
3213,2011-06-04,237,2118.0,2
3214,2011-06-04,42,2080.0,-2
3215,2011-06-04,117,1920.0,-14
3216,2011-06-04,278,1900.0,9
3217,2011-06-04,291,1801.0,4
3218,2011-06-04,273,1788.0,10
3219,2011-06-04,171,1781.0,21
3220,2011-06-04,261,1776.0,-9
3221,2011-06-04,361,1762.0,14
3222,2011-06-04,100,1759.0,15
3223,2011-06-04,396,1752.0,-7
3224,2011-06-04,147,1752.0,1
3225,2011-06-04,94,1730.0,-4
3226,2011-06-04,48,1715.0,6
3227,2011-06-04,230,1714.0,-6
3228,2011-06-04,174,1701.0,16
3229,2011-06-04,275,1651.0,4
3230,2011-06-04,54,1633.0,-7
3231,2011-06-04,334,1630.0,1
3232,2011-06-04,322,1613.0,7
3233,2011-06-04,388,1573.0,5
3234,2011-06-04,232,1571.0,21
3235,2011-06-04,37,1558.0,-10
3236,2011-06-04,422,1550.0,12
3237,2011-06-04,205,1528.0,-21
3238,2011-06-04,50,1526.0,23
3239,2011-06-04,194,1507.0,-16
3240,2011-06-04,5,1462.0,-21
3241,2011-06-04,16,1442.0,-4
3242,2011-06-04,165,1432.0,-15
3243,2011-06-04,233,1353.0,-12
3244,2011-06-04,244,1305.0,-17
3245,2011-06-04,328,1286.0,17
3246,2011-06-04,235,1252.0,-23
3247,2011-06-04,155,1246.0,-5
3248,2011-06-04,213,1208.0,-1
3249,2011-06-04,9,1010.0,-1
3250,2011-07-03,42,2062.0,-19
3251,2011-07-03,273,1785.0,-5
3252,2011-07-03,403,1740.0,19
3253,2011-07-03,111,1730.0,5
3254,2011-07-03,404,1251.0,5
3255,2011-07-03,210,1230.0,-33
3256,2011-07-03,268,1180.0,-18
3257,2011-07-03,276,1016.0,19
3258,2011-07-03,234,1012.0,10
3259,2011-07-03,26,956.0,2
3260,2011-07-03,367,923.0,33
3261,2011-07-03,354,895.0,-19
3262,2011-07-03,266,889.0,-2
3263,2011-07-03,193,847.0,26
3264,2011-07-03,2,837.0,18
3265,2011-07-03,229,822.0,-10
3266,2011-07-03,45,791.0,-35
3267,2011-07-03,53,780.0,-26
3268,2011-07-03,387,705.0,35
3269,2011-07-03,203,676.0,-5
3270,2011-09-06,352,2125.0,0
3271,2011-09-06,237,2118.0,6
3272,2011-09-06,142,2055.0,-7
3273,2011-09-06,117,1946.0,2
3274,2011-09-06,15,1929.0,6
3275,2011-09-06,88,1898.0,8
3276,2011-09-06,175,1881.0,5
3277,2011-09-06,132,1849.0,-2
3278,2011-09-06,360,1838.0,1
3279,2011-09-06,20,1838.0,18
3280,2011-09-06,179,1829.0,-9
3281,2011-09-06,273,1813.0,15
3282,2011-09-06,291,1800.0,-7
3283,2011-09-06,347,1800.0,-6
3284,2011-09-06,171,1794.0,7
3285,2011-09-06,77,1784.0,10
3286,2011-09-06,361,1780.0,16
3287,2011-09-06,381,1779.0,-8
3288,2011-09-06,100,1775.0,25
3289,2011-09-06,261,1768.0,-25
3290,2011-09-06,147,1764.0,-9
3291,2011-09-06,323,1762.0,2
3292,2011-09-06,94,1746.0,15
3293,2011-09-06,389,1738.0,-15
3294,2011-09-06,111,1735.0,10
3295,2011-09-06,168,1734.0,-8
3296,2011-09-06,396,1714.0,-9
3297,2011-09-06,403,1713.0,3
3298,2011-09-06,290,1711.0,2
3299,2011-09-06,277,1695.0,7
3300,2011-09-06,319,1693.0,8
3301,2011-09-06,164,1691.0,18
3302,2011-09-06,40,1686.0,11
3303,2011-09-06,245,1676.0,-6
3304,2011-09-06,31,1667.0,9
3305,2011-09-06,48,1665.0,-16
3306,2011-09-06,174,1662.0,-8
3307,2011-09-06,269,1649.0,3
3308,2011-09-06,85,1648.0,-10
3309,2011-09-06,178,1646.0,-10
3310,2011-09-06,73,1644.0,-21
3311,2011-09-06,335,1643.0,-5
3312,2011-09-06,161,1633.0,-15
3313,2011-09-06,55,1617.0,4
3314,2011-09-06,190,1609.0,6
3315,2011-09-06,131,1608.0,-6
3316,2011-09-06,30,1592.0,-11
3317,2011-09-06,334,1590.0,-64
3318,2011-09-06,399,1589.0,9
3319,2011-09-06,181,1568.0,21
3320,2011-09-06,116,1563.0,4
3321,2011-09-06,406,1560.0,-2
3322,2011-09-06,137,1559.0,4
3323,2011-09-06,317,1558.0,-18
3324,2011-09-06,21,1557.0,8
3325,2011-09-06,169,1541.0,23
3326,2011-09-06,205,1535.0,1
3327,2011-09-06,200,1526.0,-8
3328,2011-09-06,194,1519.0,9
3329,2011-09-06,379,1514.0,17
3330,2011-09-06,263,1514.0,-42
3331,2011-09-06,121,1513.0,28
3332,2011-09-06,16,1507.0,64
3333,2011-09-06,154,1507.0,-3
3334,2011-09-06,257,1499.0,5
3335,2011-09-06,282,1495.0,8
3336,2011-09-06,140,1494.0,-10
3337,2011-09-06,92,1494.0,-19
3338,2011-09-06,3,1493.0,-34
3339,2011-09-06,25,1487.0,27
3340,2011-09-06,254,1485.0,-28
3341,2011-09-06,152,1466.0,9
3342,2011-09-06,165,1443.0,19
3343,2011-09-06,158,1441.0,12
3344,2011-09-06,372,1430.0,42
3345,2011-09-06,23,1425.0,11
3346,2011-09-06,394,1408.0,-45
3347,2011-09-06,156,1343.0,6
3348,2011-09-06,183,1339.0,-11
3349,2011-09-06,244,1334.0,-4
3350,2011-09-06,330,1318.0,-23
3351,2011-09-06,167,1297.0,-27
3352,2011-09-06,13,1282.0,7
3353,2011-09-06,357,1262.0,-6
3354,2011-09-06,368,1251.0,-5
3355,2011-09-06,199,1242.0,0
3356,2011-09-06,213,1224.0,10
3357,2011-09-06,127,1222.0,-2
3358,2011-09-06,28,1212.0,-17
3359,2011-09-06,195,1212.0,45
3360,2011-09-06,306,1200.0,28
3361,2011-09-06,202,1155.0,34
3362,2011-09-06,34,1143.0,-6
3363,2011-09-06,32,1134.0,-9
3364,2011-09-06,243,1109.0,-3
3365,2011-09-06,91,1077.0,-12
3366,2011-09-06,104,1072.0,6
3367,2011-09-06,307,1015.0,-28
3368,2011-09-06,281,1007.0,-4
3369,2011-09-06,9,1000.0,-1
3370,2011-09-06,62,951.0,-4
3371,2011-09-06,313,897.0,-1
3372,2011-09-06,227,,-18
3373,2011-09-06,387,727.0,-7
3374,2011-10-11,352,2138.0,3
3375,2011-10-11,237,2089.0,-29
3376,2011-10-11,142,2074.0,3
3377,2011-10-11,42,2057.0,8
3378,2011-10-11,398,1962.0,-4
3379,2011-10-11,15,1913.0,-28
3380,2011-10-11,278,1894.0,-21
3381,2011-10-11,175,1883.0,3
3382,2011-10-11,72,1883.0,16
3383,2011-10-11,360,1880.0,29
3384,2011-10-11,88,1869.0,4
3385,2011-10-11,225,1856.0,-8
3386,2011-10-11,20,1845.0,6
3387,2011-10-11,132,1841.0,-13
3388,2011-10-11,179,1831.0,2
3389,2011-10-11,100,1814.0,21
3390,2011-10-11,291,1814.0,0
3391,2011-10-11,147,1806.0,9
3392,2011-10-11,171,1799.0,4
3393,2011-10-11,347,1797.0,2
3394,2011-10-11,77,1796.0,12
3395,2011-10-11,273,1792.0,4
3396,2011-10-11,275,1775.0,-16
3397,2011-10-11,261,1774.0,6
3398,2011-10-11,143,1768.0,-3
3399,2011-10-11,111,1767.0,12
3400,2011-10-11,381,1766.0,3
3401,2011-10-11,94,1760.0,24
3402,2011-10-11,361,1758.0,18
3403,2011-10-11,389,1757.0,10
3404,2011-10-11,168,1745.0,10
3405,2011-10-11,323,1742.0,-21
3406,2011-10-11,403,1721.0,28
3407,2011-10-11,277,1711.0,11
3408,2011-10-11,396,1707.0,-12
3409,2011-10-11,40,1701.0,13
3410,2011-10-11,319,1695.0,-3
3411,2011-10-11,290,1694.0,-6
3412,2011-10-11,164,1681.0,-10
3413,2011-10-11,31,1669.0,-3
3414,2011-10-11,174,1669.0,7
3415,2011-10-11,230,1668.0,-18
3416,2011-10-11,245,1666.0,3
3417,2011-10-11,335,1664.0,21
3418,2011-10-11,269,1655.0,2
3419,2011-10-11,54,1643.0,-8
3420,2011-10-11,178,1638.0,-8
3421,2011-10-11,161,1636.0,8
3422,2011-10-11,406,1628.0,28
3423,2011-10-11,48,1628.0,-28
3424,2011-10-11,73,1616.0,-31
3425,2011-10-11,399,1610.0,21
3426,2011-10-11,131,1605.0,10
3427,2011-10-11,55,1603.0,-19
3428,2011-10-11,190,1595.0,-14
3429,2011-10-11,30,1592.0,-11
3430,2011-10-11,181,1588.0,21
3431,2011-10-11,21,1581.0,-8
3432,2011-10-11,334,1578.0,2
3433,2011-10-11,169,1572.0,31
3434,2011-10-11,116,1568.0,1
3435,2011-10-11,317,1551.0,-1
3436,2011-10-11,16,1531.0,-4
3437,2011-10-11,121,1527.0,-10
3438,2011-10-11,37,1522.0,-12
3439,2011-10-11,194,1521.0,-4
3440,2011-10-11,282,1510.0,15
3441,2011-10-11,263,1508.0,-6
3442,2011-10-11,205,1505.0,-2
3443,2011-10-11,200,1502.0,-24
3444,2011-10-11,3,1494.0,6
3445,2011-10-11,379,1488.0,7
3446,2011-10-11,152,1488.0,3
3447,2011-10-11,140,1485.0,-9
3448,2011-10-11,257,1478.0,-21
3449,2011-10-11,25,1477.0,-10
3450,2011-10-11,92,1470.0,-6
3451,2011-10-11,254,1458.0,-3
3452,2011-10-11,372,1432.0,1
3453,2011-10-11,158,1426.0,-18
3454,2011-10-11,394,1403.0,-2
3455,2011-10-11,23,1390.0,-3
3456,2011-10-11,156,1365.0,-5
3457,2011-10-11,183,1342.0,8
3458,2011-10-11,330,1300.0,-21
3459,2011-10-11,13,1295.0,2
3460,2011-10-11,167,1288.0,-15
3461,2011-10-11,368,1249.0,-2
3462,2011-10-11,195,1226.0,14
3463,2011-10-11,119,1220.0,8
3464,2011-10-11,357,1218.0,-51
3465,2011-10-11,213,1211.0,-7
3466,2011-10-11,306,1181.0,-14
3467,2011-10-11,34,1181.0,5
3468,2011-10-11,28,1178.0,-7
3469,2011-10-11,104,1119.0,51
3470,2011-10-11,243,1107.0,-2
3471,2011-10-11,32,1089.0,-3
3472,2011-10-11,91,1083.0,18
3473,2011-10-11,276,1034.0,12
3474,2011-10-11,281,1031.0,19
3475,2011-10-11,307,1024.0,14
3476,2011-10-11,9,999.0,0
3477,2011-10-11,236,979.0,-12
3478,2011-10-11,62,941.0,-1
3479,2011-10-11,313,895.0,-2
3480,2011-10-11,227,,2
3481,2011-10-11,387,722.0,-2
3482,2012-02-29,352,2119.0,2
3483,2012-02-29,237,2078.0,10
3484,2012-02-29,142,2063.0,-18
3485,2012-02-29,398,1987.0,-5
3486,2012-02-29,117,1945.0,-10
3487,2012-02-29,15,1928.0,13
3488,2012-02-29,278,1898.0,-3
3489,2012-02-29,360,1886.0,20
3490,2012-02-29,88,1871.0,-20
3491,2012-02-29,175,1869.0,-16
3492,2012-02-29,72,1865.0,-5
3493,2012-02-29,132,1857.0,18
3494,2012-02-29,225,1853.0,-19
3495,2012-02-29,291,1837.0,20
3496,2012-02-29,20,1825.0,6
3497,2012-02-29,100,1811.0,-20
3498,2012-02-29,273,1804.0,4
3499,2012-02-29,171,1799.0,-3
3500,2012-02-29,177,1798.0,-8
3501,2012-02-29,94,1797.0,3
3502,2012-02-29,77,1786.0,19
3503,2012-02-29,111,1783.0,6
3504,2012-02-29,347,1783.0,9
3505,2012-02-29,147,1778.0,-5
3506,2012-02-29,389,1776.0,10
3507,2012-02-29,179,1770.0,-34
3508,2012-02-29,261,1767.0,8
3509,2012-02-29,361,1754.0,-13
3510,2012-02-29,275,1750.0,-2
3511,2012-02-29,396,1749.0,16
3512,2012-02-29,381,1728.0,-16
3513,2012-02-29,168,1725.0,-15
3514,2012-02-29,323,1724.0,-4
3515,2012-02-29,112,1722.0,2
3516,2012-02-29,290,1715.0,5
3517,2012-02-29,277,1709.0,3
3518,2012-02-29,319,1703.0,1
3519,2012-02-29,143,1696.0,5
3520,2012-02-29,403,1695.0,-2
3521,2012-02-29,31,1688.0,5
3522,2012-02-29,85,1674.0,12
3523,2012-02-29,164,1672.0,-4
3524,2012-02-29,174,1659.0,-10
3525,2012-02-29,54,1656.0,5
3526,2012-02-29,178,1655.0,11
3527,2012-02-29,245,1655.0,-6
3528,2012-02-29,269,1651.0,-4
3529,2012-02-29,335,1651.0,-1
3530,2012-02-29,161,1645.0,-6
3531,2012-02-29,73,1640.0,18
3532,2012-02-29,230,1637.0,3
3533,2012-02-29,406,1636.0,-12
3534,2012-02-29,48,1632.0,4
3535,2012-02-29,399,1629.0,34
3536,2012-02-29,131,1599.0,-12
3537,2012-02-29,334,1594.0,16
3538,2012-02-29,21,1590.0,12
3539,2012-02-29,169,1586.0,13
3540,2012-02-29,30,1585.0,-5
3541,2012-02-29,346,1584.0,-4
3542,2012-02-29,25,1580.0,10
3543,2012-02-29,380,1579.0,2
3544,2012-02-29,55,1574.0,-18
3545,2012-02-29,190,1569.0,-9
3546,2012-02-29,116,1567.0,-18
3547,2012-02-29,242,1554.0,-11
3548,2012-02-29,181,1554.0,-18
3549,2012-02-29,154,1545.0,8
3550,2012-02-29,121,1542.0,18
3551,2012-02-29,232,1542.0,8
3552,2012-02-29,16,1541.0,18
3553,2012-02-29,37,1538.0,4
3554,2012-02-29,263,1531.0,13
3555,2012-02-29,317,1524.0,-6
3556,2012-02-29,322,1524.0,4
3557,2012-02-29,152,1522.0,13
3558,2012-02-29,282,1518.0,15
3559,2012-02-29,194,1516.0,-5
3560,2012-02-29,388,1504.0,-38
3561,2012-02-29,140,1500.0,7
3562,2012-02-29,5,1500.0,20
3563,2012-02-29,257,1496.0,-9
3564,2012-02-29,379,1489.0,15
3565,2012-02-29,205,1486.0,-16
3566,2012-02-29,3,1475.0,-7
3567,2012-02-29,92,1467.0,4
3568,2012-02-29,292,1460.0,6
3569,2012-02-29,254,1450.0,-8
3570,2012-02-29,50,1443.0,-8
3571,2012-02-29,99,1438.0,11
3572,2012-02-29,165,1436.0,-3
3573,2012-02-29,58,1423.0,27
3574,2012-02-29,394,1422.0,16
3575,2012-02-29,79,1391.0,38
3576,2012-02-29,23,1387.0,-22
3577,2012-02-29,89,1383.0,-4
3578,2012-02-29,33,1377.0,0
3579,2012-02-29,208,1376.0,-25
3580,2012-02-29,372,1375.0,-13
3581,2012-02-29,376,1359.0,-18
3582,2012-02-29,139,1354.0,-20
3583,2012-02-29,156,1351.0,-13
3584,2012-02-29,424,1347.0,-21
3585,2012-02-29,183,1347.0,5
3586,2012-02-29,233,1337.0,1
3587,2012-02-29,184,1333.0,18
3588,2012-02-29,195,1319.0,-16
3589,2012-02-29,328,1304.0,-28
3590,2012-02-29,235,1302.0,-19
3591,2012-02-29,244,1298.0,-2
3592,2012-02-29,13,1294.0,-15
3593,2012-02-29,123,1285.0,0
3594,2012-02-29,330,1267.0,-13
3595,2012-02-29,52,1266.0,21
3596,2012-02-29,197,1263.0,19
3597,2012-02-29,167,1260.0,-10
3598,2012-02-29,371,1259.0,-1
3599,2012-02-29,368,1250.0,9
3600,2012-02-29,268,1245.0,22
3601,2012-02-29,67,1241.0,25
3602,2012-02-29,199,1227.0,-8
3603,2012-02-29,213,1219.0,8
3604,2012-02-29,155,1217.0,-5
3605,2012-02-29,210,1208.0,-2
3606,2012-02-29,163,1206.0,4
3607,2012-02-29,206,1170.0,-27
3608,2012-02-29,202,1168.0,16
3609,2012-02-29,314,1104.0,28
3610,2012-02-29,276,1036.0,2
3611,2012-02-29,325,1015.0,-11
3612,2012-02-29,367,906.0,-4
3613,2012-02-29,227,,5
3614,2012-05-22,112,1748.0,3
3615,2012-05-22,277,1714.0,5
3616,2012-05-22,194,1511.0,-5
3617,2012-05-22,282,1507.0,-11
3618,2012-05-22,3,1486.0,11
3619,2012-05-22,376,1356.0,-3
3620,2012-05-22,167,1268.0,-12
3621,2012-05-22,268,1254.0,12
3622,2012-06-08,225,1890.0,2
3623,2012-06-08,291,1886.0,36
3624,2012-06-08,20,1803.0,-10
3625,2012-06-08,347,1799.0,20
3626,2012-06-08,179,1792.0,12
3627,2012-06-08,147,1781.0,3
3628,2012-06-08,396,1752.0,2
3629,2012-06-08,94,1751.0,-36
3630,2012-06-08,277,1718.0,-3
3631,2012-06-08,269,1711.0,37
3632,2012-06-08,85,1653.0,-11
3633,2012-06-08,178,1644.0,9
3634,2012-06-08,73,1641.0,2
3635,2012-06-08,161,1614.0,-37
3636,2012-06-08,399,1597.0,-11
3637,2012-06-08,55,1591.0,15
3638,2012-06-08,25,1580.0,0
3639,2012-06-08,116,1572.0,11
3640,2012-06-08,190,1569.0,0
3641,2012-06-08,181,1548.0,-12
3642,2012-06-08,263,1526.0,10
3643,2012-06-08,152,1516.0,-9
3644,2012-06-08,242,1504.0,-61
3645,2012-06-08,282,1494.0,-20
3646,2012-06-08,253,1473.0,19
3647,2012-06-08,89,1368.0,-15
3648,2012-06-08,241,1363.0,61
3649,2012-06-08,156,1361.0,-2
3650,2012-06-08,195,1311.0,11
3651,2012-06-08,423,1301.0,-19
3652,2012-06-08,366,1293.0,34
3653,2012-06-08,13,1281.0,-2
3654,2012-06-08,404,1272.0,-2
3655,2012-06-08,337,1261.0,-34
3656,2012-06-08,330,1252.0,-6
3657,2012-06-08,210,1212.0,6
3658,2012-09-06,360,1876.0,3
3659,2012-09-06,179,1794.0,1
3660,2012-09-06,20,1785.0,3
3661,2012-09-06,73,1636.0,-3
3662,2012-09-06,282,1492.0,-17
3663,2012-09-06,394,1421.0,-1
3664,2012-09-06,195,1297.0,-3
3665,2012-09-06,368,1249.0,17
3666,2012-09-11,352,2157.0,2
3667,2012-09-11,142,2044.0,6
3668,2012-09-11,15,1978.0,-9
3669,2012-09-11,117,1975.0,-16
3670,2012-09-11,237,1972.0,19
3671,2012-09-11,278,1949.0,2
3672,2012-09-11,398,1918.0,-11
3673,2012-09-11,225,1907.0,4
3674,2012-09-11,175,1901.0,1
3675,2012-09-11,77,1883.0,44
3676,2012-09-11,360,1878.0,2
3677,2012-09-11,132,1874.0,6
3678,2012-09-11,291,1873.0,27
3679,2012-09-11,88,1866.0,-2
3680,2012-09-11,72,1864.0,-44
3681,2012-09-11,111,1825.0,11
3682,2012-09-11,361,1820.0,5
3683,2012-09-11,147,1806.0,5
3684,2012-09-11,179,1801.0,7
3685,2012-09-11,347,1798.0,-6
3686,2012-09-11,94,1778.0,-17
3687,2012-09-11,20,1758.0,-27
3688,2012-09-11,381,1753.0,9
3689,2012-09-11,171,1752.0,8
3690,2012-09-11,396,1751.0,11
3691,2012-09-11,290,1743.0,1
3692,2012-09-11,389,1743.0,16
3693,2012-09-11,31,1737.0,2
3694,2012-09-11,323,1732.0,17
3695,2012-09-11,275,1728.0,9
3696,2012-09-11,403,1727.0,43
3697,2012-09-11,40,1720.0,11
3698,2012-09-11,261,1712.0,11
3699,2012-09-11,273,1708.0,-43
3700,2012-09-11,269,1705.0,16
3701,2012-09-11,277,1693.0,6
3702,2012-09-11,319,1688.0,-14
3703,2012-09-11,168,1679.0,-34
3704,2012-09-11,164,1668.0,-19
3705,2012-09-11,143,1661.0,-25
3706,2012-09-11,48,1660.0,9
3707,2012-09-11,178,1653.0,-11
3708,2012-09-11,230,1646.0,2
3709,2012-09-11,161,1643.0,4
3710,2012-09-11,85,1636.0,-4
3711,2012-09-11,131,1627.0,17
3712,2012-09-11,335,1625.0,-11
3713,2012-09-11,174,1619.0,-27
3714,2012-09-11,21,1616.0,-6
3715,2012-09-11,334,1613.0,3
3716,2012-09-11,399,1611.0,6
3717,2012-09-11,169,1606.0,-7
3718,2012-09-11,55,1603.0,-16
3719,2012-09-11,181,1580.0,27
3720,2012-09-11,346,1577.0,4
3721,2012-09-11,30,1565.0,-6
3722,2012-09-11,406,1564.0,-17
3723,2012-09-11,116,1560.0,15
3724,2012-09-11,137,1559.0,8
3725,2012-09-11,242,1551.0,9
3726,2012-09-11,152,1540.0,12
3727,2012-09-11,16,1532.0,-9
3728,2012-09-11,190,1526.0,-19
3729,2012-09-11,263,1523.0,-8
3730,2012-09-11,140,1516.0,-2
3731,2012-09-11,194,1515.0,-11
3732,2012-09-11,205,1513.0,14
3733,2012-09-11,3,1511.0,-5
3734,2012-09-11,121,1502.0,-9
3735,2012-09-11,317,1475.0,-8
3736,2012-09-11,165,1467.0,-17
3737,2012-09-11,200,1466.0,-5
3738,2012-09-11,92,1462.0,17
3739,2012-09-11,394,1440.0,19
3740,2012-09-11,254,1432.0,-16
3741,2012-09-11,158,1428.0,4
3742,2012-09-11,23,1401.0,-2
3743,2012-09-11,241,1356.0,46
3744,2012-09-11,233,1345.0,-4
3745,2012-09-11,89,1340.0,-4
3746,2012-09-11,156,1338.0,-15
3747,2012-09-11,183,1338.0,-2
3748,2012-09-11,195,1331.0,34
3749,2012-09-11,197,1315.0,25
3750,2012-09-11,404,1308.0,17
3751,2012-09-11,13,1274.0,-12
3752,2012-09-11,337,1265.0,-9
3753,2012-09-11,366,1249.0,-46
3754,2012-09-11,213,1229.0,-1
3755,2012-09-11,330,1217.0,-3
3756,2012-09-11,199,1217.0,-3
3757,2012-09-11,210,1214.0,-17
3758,2012-09-11,34,1187.0,14
3759,2012-09-11,202,1162.0,16
3760,2012-09-11,281,1119.0,-4
3761,2012-09-11,234,1016.0,3
3762,2012-09-11,9,1000.0,-1
3763,2012-09-11,313,889.0,-2
3764,2012-09-11,308,854.0,-14
3765,2012-09-11,227,,-6
3766,2012-12-08,178,1601.0,-36
3767,2012-12-08,388,1561.0,6
3768,2012-12-08,190,1524.0,5
3769,2012-12-08,263,1490.0,-30
3770,2012-12-08,218,1383.0,19
3771,2012-12-08,195,1360.0,30
3772,2012-12-08,184,1356.0,-6
3773,2012-12-08,371,1346.0,-3
3774,2012-12-08,89,1335.0,-19
3775,2012-12-08,423,1302.0,3
3776,2012-12-08,268,1289.0,-5
3777,2012-12-08,135,1276.0,36
3778,2012-12-08,330,1250.0,3
3779,2012-12-08,276,1195.0,-3
3780,2013-01-06,169,1614.0,22
3781,2013-01-06,190,1504.0,13
3782,2013-01-06,317,1473.0,-22
3783,2013-01-06,416,1253.0,-13
3784,2013-03-17,317,1497.0,8
3785,2013-03-17,282,1490.0,4
3786,2013-03-17,25,1450.0,-6
3787,2013-03-17,372,1349.0,-4
3788,2013-03-17,195,1327.0,6
3789,2013-03-17,368,1253.0,6
3790,2013-03-17,210,1182.0,-8
3791,2013-03-17,191,1121.0,1
3792,2013-03-17,266,930.0,-6
3793,2013-03-17,203,630.0,-1
3794,2013-09-10,352,2120.0,-6
3795,2013-09-10,42,2119.0,7
3796,2013-09-10,142,2050.0,1
3797,2013-09-10,15,2037.0,17
3798,2013-09-10,237,1991.0,0
3799,2013-09-10,117,1952.0,-3
3800,2013-09-10,175,1932.0,6
3801,2013-09-10,398,1915.0,24
3802,2013-09-10,278,1911.0,-7
3803,2013-09-10,77,1902.0,-24
3804,2013-09-10,360,1880.0,4
3805,2013-09-10,72,1877.0,6
3806,2013-09-10,88,1872.0,8
3807,2013-09-10,132,1865.0,18
3808,2013-09-10,396,1854.0,18
3809,2013-09-10,291,1853.0,9
3810,2013-09-10,361,1847.0,29
3811,2013-09-10,111,1828.0,-7
3812,2013-09-10,147,1820.0,3
3813,2013-09-10,389,1810.0,3
3814,2013-09-10,40,1779.0,18
3815,2013-09-10,225,1769.0,-18
3816,2013-09-10,179,1767.0,9
3817,2013-09-10,85,1743.0,-6
3818,2013-09-10,100,1734.0,17
3819,2013-09-10,269,1729.0,2
3820,2013-09-10,94,1728.0,-6
3821,2013-09-10,323,1728.0,35
3822,2013-09-10,275,1727.0,-17
3823,2013-09-10,290,1724.0,-47
3824,2013-09-10,245,1720.0,7
3825,2013-09-10,273,1712.0,-17
3826,2013-09-10,403,1710.0,17
3827,2013-09-10,171,1709.0,-20
3828,2013-09-10,381,1702.0,47
3829,2013-09-10,164,1688.0,12
3830,2013-09-10,143,1688.0,-9
3831,2013-09-10,48,1686.0,5
3832,2013-09-10,131,1683.0,17
3833,2013-09-10,261,1682.0,-29
3834,2013-09-10,347,1678.0,-8
3835,2013-09-10,161,1668.0,-2
3836,2013-09-10,112,1659.0,13
3837,2013-09-10,277,1656.0,2
3838,2013-09-10,319,1646.0,22
3839,2013-09-10,21,1646.0,20
3840,2013-09-10,174,1640.0,-9
3841,2013-09-10,335,1632.0,22
3842,2013-09-10,399,1631.0,-9
3843,2013-09-10,37,1615.0,7
3844,2013-09-10,73,1613.0,1
3845,2013-09-10,334,1600.0,-18
3846,2013-09-10,5,1586.0,15
3847,2013-09-10,30,1584.0,-18
3848,2013-09-10,181,1572.0,9
3849,2013-09-10,212,1562.0,-15
3850,2013-09-10,50,1558.0,-7
3851,2013-09-10,406,1554.0,-35
3852,2013-09-10,346,1549.0,-17
3853,2013-09-10,178,1545.0,6
3854,2013-09-10,16,1540.0,-17
3855,2013-09-10,205,1538.0,-22
3856,2013-09-10,3,1526.0,-17
3857,2013-09-10,165,1515.0,17
3858,2013-09-10,154,1510.0,-13
3859,2013-09-10,55,1501.0,-18
3860,2013-09-10,140,1495.0,-17
3861,2013-09-10,194,1482.0,-3
3862,2013-09-10,121,1476.0,-12
3863,2013-09-10,200,1440.0,8
3864,2013-09-10,254,1419.0,-28
3865,2013-09-10,92,1399.0,-22
3866,2013-09-10,183,1365.0,-4
3867,2013-09-10,424,1353.0,17
3868,2013-09-10,213,1255.0,-5
3869,2013-09-10,330,1254.0,-9
3870,2013-09-10,202,1218.0,28
3871,2013-09-10,163,1200.0,9
3872,2013-09-10,127,1192.0,-1
3873,2013-09-10,199,1192.0,-8
3874,2013-09-10,210,1182.0,-1
3875,2013-09-10,221,1171.0,18
3876,2013-09-10,9,997.0,0
3877,2013-09-10,313,881.0,-2
3878,2013-11-01,167,1251.0,9
3879,2013-11-01,191,1126.0,-9
3880,2013-11-19,42,2132.0,5
3881,2013-11-19,352,2103.0,-19
3882,2013-11-19,142,2086.0,9
3883,2013-11-19,237,2003.0,-5
3884,2013-11-19,117,1933.0,-9
3885,2013-11-19,77,1933.0,5
3886,2013-11-19,278,1931.0,22
3887,2013-11-19,72,1913.0,-5
3888,2013-11-19,132,1881.0,24
3889,2013-11-19,396,1861.0,-13
3890,2013-11-19,291,1845.0,6
3891,2013-11-19,147,1840.0,-1
3892,2013-11-19,111,1836.0,-4
3893,2013-11-19,31,1835.0,-15
3894,2013-11-19,360,1826.0,-22
3895,2013-11-19,389,1822.0,-24
3896,2013-11-19,88,1806.0,7
3897,2013-11-19,179,1765.0,15
3898,2013-11-19,85,1734.0,-8
3899,2013-11-19,168,1733.0,16
3900,2013-11-19,20,1729.0,8
3901,2013-11-19,290,1718.0,1
3902,2013-11-19,171,1712.0,0
3903,2013-11-19,381,1712.0,4
3904,2013-11-19,319,1698.0,11
3905,2013-11-19,143,1697.0,-18
3906,2013-11-19,347,1687.0,-6
3907,2013-11-19,161,1685.0,4
3908,2013-11-19,112,1669.0,18
3909,2013-11-19,21,1662.0,13
3910,2013-11-19,335,1660.0,4
3911,2013-11-19,399,1652.0,7
3912,2013-11-19,394,1651.0,4
3913,2013-11-19,261,1625.0,-11
3914,2013-11-19,277,1622.0,0
3915,2013-11-19,334,1605.0,-9
3916,2013-11-19,73,1593.0,-10
3917,2013-11-19,30,1589.0,-4
3918,2013-11-19,5,1583.0,14
3919,2013-11-19,346,1574.0,19
3920,2013-11-19,263,1574.0,16
3921,2013-11-19,190,1573.0,8
3922,2013-11-19,50,1546.0,-14
3923,2013-11-19,165,1541.0,-7
3924,2013-11-19,317,1524.0,10
3925,2013-11-19,169,1521.0,17
3926,2013-11-19,178,1517.0,-12
3927,2013-11-19,379,1504.0,12
3928,2013-11-19,55,1486.0,-4
3929,2013-11-19,362,1469.0,-16
3930,2013-11-19,282,1468.0,11
3931,2013-11-19,121,1467.0,10
3932,2013-11-19,25,1459.0,6
3933,2013-11-19,23,1440.0,-6
3934,2013-11-19,195,1384.0,-16
3935,2013-11-19,233,1366.0,1
3936,2013-11-19,424,1356.0,3
3937,2013-11-19,371,1353.0,-3
3938,2013-11-19,372,1341.0,-8
3939,2013-11-19,235,1289.0,-1
3940,2013-11-19,213,1251.0,6
3941,2013-11-19,167,1231.0,-17
3942,2013-11-19,404,1218.0,-4
3943,2013-11-19,127,1182.0,-6
3944,2013-11-19,163,1180.0,-7
3945,2013-11-19,199,1180.0,-10
3946,2013-11-19,210,1172.0,-11
3947,2013-11-19,416,1172.0,-6
3948,2013-11-19,144,1152.0,9
3949,2013-11-19,191,1132.0,6
3950,2013-11-19,166,1084.0,5
3951,2013-11-19,236,910.0,-5
3952,2014-02-04,181,1599.0,13
3953,2014-02-04,330,1251.0,-13
3954,2014-05-27,132,1901.0,4
3955,2014-05-27,396,1847.0,2
3956,2014-05-27,179,1770.0,1
3957,2014-05-27,394,1645.0,-12
3958,2014-05-27,399,1631.0,-15
3959,2014-05-27,261,1614.0,-4
3960,2014-05-27,16,1589.0,12
3961,2014-05-27,263,1580.0,15
3962,2014-05-27,55,1489.0,-1
3963,2014-05-27,23,1442.0,-2
3964,2014-05-27,92,1385.0,-1
3965,2014-05-27,371,1372.0,6
3966,2014-05-27,268,1339.0,13
3967,2014-05-27,208,1324.0,-6
3968,2014-05-27,276,1254.0,18
3969,2014-05-27,357,1243.0,7
3970,2014-05-27,135,1224.0,-7
3971,2014-05-27,2,1095.0,-13
3972,2014-05-27,211,1076.0,-18
3973,2014-05-27,227,,1
3974,2014-07-20,33,1414.0,9
3975,2014-07-20,79,1410.0,20
3976,2014-07-20,184,1390.0,-25
3977,2014-07-20,371,1357.0,-6
3978,2014-07-20,233,1354.0,6
3979,2014-07-20,292,1349.0,-20
3980,2014-07-20,208,1290.0,-9
3981,2014-07-20,196,1252.0,25
3982,2014-09-06,72,1977.0,-3
3983,2014-09-06,225,1885.0,3
3984,2014-09-06,111,1845.0,8
3985,2014-09-06,177,1758.0,2
3986,2014-09-06,245,1692.0,-37
3987,2014-09-06,5,1683.0,10
3988,2014-09-06,143,1681.0,-15
3989,2014-09-06,37,1612.0,-8
3990,2014-09-06,54,1593.0,29
3991,2014-09-06,50,1540.0,6
3992,2014-09-06,380,1533.0,7
3993,2014-09-06,58,1524.0,22
3994,2014-09-06,137,1492.0,14
3995,2014-09-06,379,1490.0,-6
3996,2014-09-06,388,1482.0,15
3997,2014-09-06,422,1479.0,-11
3998,2014-09-06,10,1452.0,-14
3999,2014-09-06,79,1422.0,37
4000,2014-09-06,99,1418.0,-29
4001,2014-09-06,233,1380.0,11
4002,2014-09-06,150,1377.0,6
4003,2014-09-06,123,1365.0,-10
4004,2014-09-06,328,1361.0,-2
4005,2014-09-06,41,1335.0,-7
4006,2014-09-06,268,1312.0,4
4007,2014-09-06,244,1286.0,-22
4008,2014-09-06,196,1258.0,-6
4009,2014-09-06,404,1251.0,8
4010,2014-09-06,330,1249.0,3
4011,2014-09-06,276,1217.0,-25
4012,2014-09-06,163,1153.0,-8
4013,2014-09-06,234,1076.0,25
4014,2014-09-06,272,1058.0,-3
4015,2014-09-06,367,840.0,-4
4016,2014-10-15,5,1706.0,4
4017,2014-10-15,143,1697.0,12
4018,2014-10-15,177,1691.0,-36
4019,2014-10-15,245,1666.0,6
4020,2014-10-15,112,1642.0,5
4021,2014-10-15,54,1625.0,7
4022,2014-10-15,346,1613.0,-14
4023,2014-10-15,322,1604.0,-17
4024,2014-10-15,380,1590.0,17
4025,2014-10-15,212,1546.0,-35
4026,2014-10-15,50,1540.0,-7
4027,2014-10-15,154,1523.0,-12
4028,2014-10-15,137,1521.0,7
4029,2014-10-15,58,1510.0,10
4030,2014-10-15,376,1489.0,15
4031,2014-10-15,422,1476.0,13
4032,2014-10-15,388,1466.0,-15
4033,2014-10-15,99,1461.0,36
4034,2014-10-15,79,1428.0,14
4035,2014-10-15,10,1428.0,15
4036,2014-10-15,233,1396.0,-10
4037,2014-10-15,123,1361.0,35
4038,2014-10-15,355,1360.0,-6
4039,2014-10-15,328,1353.0,-7
4040,2014-10-15,208,1308.0,-4
4041,2014-10-15,41,1300.0,-5
4042,2014-10-15,244,1287.0,-13
4043,2014-10-15,196,1253.0,-15
4044,2014-11-13,398,1892.0,-6
4045,2014-11-13,85,1866.0,6
4046,2014-11-13,282,1577.0,-1
4047,2014-11-13,257,1550.0,4
4048,2014-11-13,232,1543.0,7
4049,2014-11-13,379,1524.0,12
4050,2014-11-13,25,1477.0,-14
4051,2014-11-13,317,1459.0,1
4052,2014-11-13,89,1408.0,6
4053,2014-11-13,33,1370.0,-7
4054,2014-11-13,135,1250.0,-12
4055,2014-11-13,330,1224.0,2
4056,2014-11-13,416,1193.0,14
4057,2014-11-13,163,1164.0,-4
4058,2014-11-13,91,1087.0,-6
4059,2014-11-13,193,861.0,-2
4060,2014-11-13,151,792.0,28
4061,2014-11-13,367,787.0,-28
4062,2015-04-30,357,1249.0,7
4063,2015-04-30,156,1228.0,-7
4064,2015-05-20,257,1457.0,11
4065,2015-05-20,372,1354.0,-11
4066,2015-05-20,371,1272.0,-38
4067,2015-05-20,206,1251.0,38
4068,2015-05-20,357,1234.0,-15
4069,2015-05-20,359,1199.0,35
4070,2015-05-20,196,1191.0,-35
4071,2015-05-20,91,1086.0,15
4072,2015-09-06,237,1921.0,-51
4073,2015-09-06,31,1912.0,3
4074,2015-09-06,175,1874.0,4
4075,2015-09-06,88,1781.0,-38
4076,2015-09-06,94,1771.0,10
4077,2015-09-06,381,1755.0,51
4078,2015-09-06,40,1720.0,1
4079,2015-09-06,177,1715.0,-17
4080,2015-09-06,165,1714.0,-18
4081,2015-09-06,406,1698.0,-10
4082,2015-09-06,5,1682.0,6
4083,2015-09-06,261,1666.0,38
4084,2015-09-06,54,1626.0,11
4085,2015-09-06,112,1623.0,14
4086,2015-09-06,174,1618.0,10
4087,2015-09-06,48,1583.0,-4
4088,2015-09-06,58,1554.0,16
4089,2015-09-06,212,1539.0,-4
4090,2015-09-06,422,1527.0,19
4091,2015-09-06,154,1498.0,-3
4092,2015-09-06,194,1471.0,-10
4093,2015-09-06,198,1457.0,-16
4094,2015-09-06,99,1452.0,-44
4095,2015-09-06,10,1437.0,-5
4096,2015-09-06,23,1432.0,-6
4097,2015-09-06,92,1397.0,-3
4098,2015-09-06,33,1381.0,4
4099,2015-09-06,208,1372.0,-2
4100,2015-09-06,184,1370.0,-19
4101,2015-09-06,183,1358.0,18
4102,2015-09-06,424,1356.0,3
4103,2015-09-06,139,1344.0,-11
4104,2015-09-06,328,1336.0,17
4105,2015-09-06,233,1312.0,-30
4106,2015-09-06,65,1265.0,44
4107,2015-09-06,206,1252.0,5
4108,2015-09-06,213,1242.0,6
4109,2015-09-06,67,1242.0,-14
4110,2015-09-06,359,1239.0,2
4111,2015-09-06,196,1201.0,-6
4112,2015-09-06,222,1088.0,30
4113,2015-09-06,9,962.0,-1
4114,2015-10-13,42,2023.0,4
4115,2015-10-13,72,2018.0,14
4116,2015-10-13,15,2004.0,-10
4117,2015-10-13,77,1970.0,-37
4118,2015-10-13,398,1928.0,37
4119,2015-10-13,31,1918.0,5
4120,2015-10-13,225,1892.0,3
4121,2015-10-13,237,1890.0,-34
4122,2015-10-13,175,1887.0,6
4123,2015-10-13,111,1882.0,7
4124,2015-10-13,381,1805.0,10
4125,2015-10-13,88,1795.0,3
4126,2015-10-13,347,1788.0,6
4127,2015-10-13,275,1783.0,-14
4128,2015-10-13,85,1768.0,13
4129,2015-10-13,94,1765.0,34
4130,2015-10-13,396,1759.0,-13
4131,2015-10-13,40,1749.0,9
4132,2015-10-13,179,1746.0,2
4133,2015-10-13,273,1729.0,10
4134,2015-10-13,168,1726.0,-2
4135,2015-10-13,165,1689.0,-10
4136,2015-10-13,406,1679.0,1
4137,2015-10-13,5,1672.0,7
4138,2015-10-13,269,1672.0,-3
4139,2015-10-13,261,1663.0,-6
4140,2015-10-13,143,1659.0,-4
4141,2015-10-13,322,1650.0,-7
4142,2015-10-13,403,1640.0,-4
4143,2015-10-13,37,1609.0,-7
4144,2015-10-13,379,1594.0,-9
4145,2015-10-13,178,1592.0,-6
4146,2015-10-13,48,1584.0,12
4147,2015-10-13,174,1578.0,-5
4148,2015-10-13,282,1575.0,2
4149,2015-10-13,181,1561.0,6
4150,2015-10-13,346,1539.0,3
4151,2015-10-13,257,1535.0,2
4152,2015-10-13,161,1529.0,-3
4153,2015-10-13,263,1518.0,2
4154,2015-10-13,362,1510.0,6
4155,2015-10-13,55,1509.0,4
4156,2015-10-13,116,1482.0,-1
4157,2015-10-13,190,1467.0,-10
4158,2015-10-13,79,1460.0,5
4159,2015-10-13,194,1454.0,-32
4160,2015-10-13,152,1449.0,1
4161,2015-10-13,25,1428.0,12
4162,2015-10-13,92,1423.0,-9
4163,2015-10-13,23,1413.0,-12
4164,2015-10-13,372,1410.0,32
4165,2015-10-13,195,1389.0,10
4166,2015-10-13,183,1387.0,32
4167,2015-10-13,33,1376.0,-5
4168,2015-10-13,235,1369.0,14
4169,2015-10-13,52,1341.0,4
4170,2015-10-13,197,1334.0,32
4171,2015-10-13,328,1333.0,17
4172,2015-10-13,139,1325.0,-14
4173,2015-10-13,41,1309.0,8
4174,2015-10-13,244,1284.0,4
4175,2015-10-13,276,1271.0,-12
4176,2015-10-13,206,1270.0,-8
4177,2015-10-13,221,1261.0,14
4178,2015-10-13,382,1251.0,3
4179,2015-10-13,65,1247.0,8
4180,2015-10-13,67,1245.0,-17
4181,2015-10-13,213,1236.0,-3
4182,2015-10-13,368,1225.0,-6
4183,2015-10-13,404,1216.0,-32
4184,2015-10-13,243,1214.0,9
4185,2015-10-13,330,1201.0,1
4186,2015-10-13,155,1199.0,-32
4187,2015-10-13,163,1186.0,2
4188,2015-10-13,196,1174.0,-16
4189,2015-10-13,416,1157.0,-2
4190,2015-10-13,191,1150.0,9
4191,2015-10-13,210,1149.0,6
4192,2015-10-13,348,1077.0,-14
4193,2015-10-13,2,1076.0,-6
4194,2015-10-13,120,1075.0,-8
4195,2015-10-13,234,1045.0,15
4196,2015-10-13,166,1028.0,-2
4197,2015-10-13,211,1027.0,-2
4198,2015-10-13,9,960.0,-1
4199,2015-10-13,325,954.0,-4
4200,2015-10-13,26,929.0,-9
4201,2015-10-13,78,924.0,16
4202,2015-10-13,151,892.0,-3
4203,2015-10-13,338,857.0,-4
4204,2015-10-13,193,817.0,-15
4205,2015-10-13,110,734.0,-6
4206,2015-10-13,53,731.0,-1
4207,2015-10-13,35,572.0,-2
4208,2015-11-13,142,2068.0,-17
4209,2015-11-13,42,2028.0,5
4210,2015-11-13,352,2002.0,9
4211,2015-11-13,15,1999.0,-5
4212,2015-11-13,132,1966.0,17
4213,2015-11-13,117,1947.0,-9
4214,2015-11-13,31,1928.0,10
4215,2015-11-13,237,1897.0,7
4216,2015-11-13,225,1896.0,4
4217,2015-11-13,175,1877.0,-10
4218,2015-11-13,381,1811.0,6
4219,2015-11-13,361,1795.0,-9
4220,2015-11-13,275,1795.0,12
4221,2015-11-13,94,1776.0,11
4222,2015-11-13,85,1772.0,4
4223,2015-11-13,396,1761.0,2
4224,2015-11-13,277,1761.0,8
4225,2015-11-13,171,1749.0,6
4226,2015-11-13,40,1743.0,-6
4227,2015-11-13,334,1734.0,9
4228,2015-11-13,177,1729.0,6
4229,2015-11-13,273,1717.0,-12
4230,2015-11-13,323,1715.0,-11
4231,2015-11-13,269,1704.0,32
4232,2015-11-13,165,1681.0,-8
4233,2015-11-13,406,1672.0,-7
4234,2015-11-13,143,1640.0,-19
4235,2015-11-13,322,1637.0,-13
4236,2015-11-13,245,1630.0,-14
4237,2015-11-13,54,1624.0,15
4238,2015-11-13,3,1614.0,-4
4239,2015-11-13,379,1611.0,17
4240,2015-11-13,147,1603.0,-17
4241,2015-11-13,254,1594.0,4
4242,2015-11-13,346,1571.0,32
4243,2015-11-13,282,1569.0,-6
4244,2015-11-13,178,1560.0,-32
4245,2015-11-13,380,1542.0,11
4246,2015-11-13,58,1529.0,-25
4247,2015-11-13,55,1524.0,15
4248,2015-11-13,161,1514.0,-15
4249,2015-11-13,158,1497.0,-4
4250,2015-11-13,116,1478.0,-4
4251,2015-11-13,198,1474.0,17
4252,2015-11-13,194,1450.0,-4
4253,2015-11-13,152,1432.0,-17
4254,2015-11-13,10,1427.0,-32
4255,2015-11-13,184,1396.0,25
4256,2015-11-13,188,1391.0,4
4257,2015-11-13,292,1379.0,-17
4258,2015-11-13,197,1328.0,-6
4259,2015-11-13,206,1283.0,13
4260,2015-11-13,244,1269.0,-15
4261,2015-11-13,359,1264.0,14
4262,2015-11-13,202,1255.0,17
4263,2015-11-13,221,1250.0,-11
4264,2015-11-13,310,1181.0,-2
4265,2015-11-13,78,943.0,19
4266,2016-03-23,88,1818.0,4
4267,2016-03-23,277,1778.0,6
4268,2016-03-23,290,1765.0,1
4269,2016-03-23,323,1709.0,-6
4270,2016-03-23,335,1622.0,3
4271,2016-03-23,174,1574.0,-4
4272,2016-03-23,422,1498.0,-7
4273,2016-03-23,79,1491.0,7
4274,2016-03-23,198,1462.0,-34
4275,2016-03-23,218,1444.0,0
4276,2016-03-23,205,1436.0,-3
4277,2016-03-23,200,1425.0,-1
4278,2016-03-23,33,1386.0,13
4279,2016-03-23,184,1352.0,-24
4280,2016-03-23,371,1336.0,23
4281,2016-03-23,150,1306.0,-12
4282,2016-03-23,67,1250.0,-23
4283,2016-03-23,13,1246.0,3
4284,2016-03-23,155,1223.0,24
4285,2016-03-23,199,1202.0,0
4286,2016-03-23,357,1188.0,12
4287,2016-03-23,28,1156.0,13
4288,2016-03-23,348,1142.0,-13
4289,2016-03-23,144,1119.0,0
4290,2016-03-23,314,1116.0,34
4291,2016-03-23,91,1107.0,-13
4292,2016-03-23,18,929.0,-3
4293,2016-03-23,45,623.0,0
4294,2016-03-29,142,2059.0,6
4295,2016-03-29,15,2049.0,3
4296,2016-03-29,42,2017.0,-10
4297,2016-03-29,77,1979.0,17
4298,2016-03-29,132,1970.0,5
4299,2016-03-29,72,1967.0,15
4300,2016-03-29,398,1963.0,7
4301,2016-03-29,117,1959.0,-15
4302,2016-03-29,225,1921.0,3
4303,2016-03-29,31,1920.0,-8
4304,2016-03-29,278,1909.0,8
4305,2016-03-29,237,1901.0,15
4306,2016-03-29,111,1884.0,-17
4307,2016-03-29,175,1866.0,-6
4308,2016-03-29,381,1823.0,13
4309,2016-03-29,21,1791.0,-13
4310,2016-03-29,85,1786.0,11
4311,2016-03-29,361,1778.0,-22
4312,2016-03-29,171,1774.0,-4
4313,2016-03-29,291,1770.0,-5
4314,2016-03-29,275,1766.0,-7
4315,2016-03-29,179,1763.0,11
4316,2016-03-29,360,1760.0,-3
4317,2016-03-29,94,1754.0,3
4318,2016-03-29,273,1751.0,10
4319,2016-03-29,40,1748.0,22
4320,2016-03-29,334,1739.0,4
4321,2016-03-29,168,1737.0,7
4322,2016-03-29,396,1732.0,11
4323,2016-03-29,100,1725.0,-8
4324,2016-03-29,20,1721.0,14
4325,2016-03-29,319,1720.0,8
4326,2016-03-29,177,1720.0,-15
4327,2016-03-29,323,1716.0,7
4328,2016-03-29,269,1675.0,7
4329,2016-03-29,165,1672.0,12
4330,2016-03-29,399,1664.0,5
4331,2016-03-29,5,1654.0,-14
4332,2016-03-29,322,1653.0,7
4333,2016-03-29,261,1633.0,9
4334,2016-03-29,394,1632.0,-11
4335,2016-03-29,112,1623.0,15
4336,2016-03-29,48,1614.0,12
4337,2016-03-29,37,1612.0,-3
4338,2016-03-29,245,1612.0,-15
4339,2016-03-29,403,1611.0,-15
4340,2016-03-29,3,1611.0,6
4341,2016-03-29,54,1605.0,5
4342,2016-03-29,147,1604.0,-12
4343,2016-03-29,379,1587.0,4
4344,2016-03-29,346,1581.0,-5
4345,2016-03-29,30,1579.0,2
4346,2016-03-29,178,1577.0,-11
4347,2016-03-29,73,1574.0,23
4348,2016-03-29,232,1572.0,19
4349,2016-03-29,131,1570.0,-9
4350,2016-03-29,230,1558.0,-2
4351,2016-03-29,380,1550.0,-4
4352,2016-03-29,154,1550.0,14
4353,2016-03-29,282,1550.0,-23
4354,2016-03-29,99,1543.0,30
4355,2016-03-29,181,1533.0,-14
4356,2016-03-29,317,1528.0,11
4357,2016-03-29,161,1526.0,18
4358,2016-03-29,362,1519.0,-11
4359,2016-03-29,55,1509.0,-3
4360,2016-03-29,152,1508.0,-11
4361,2016-03-29,169,1505.0,7
4362,2016-03-29,257,1505.0,-30
4363,2016-03-29,158,1500.0,-7
4364,2016-03-29,388,1500.0,-9
4365,2016-03-29,58,1496.0,-19
4366,2016-03-29,121,1493.0,-7
4367,2016-03-29,140,1474.0,-5
4368,2016-03-29,263,1470.0,-7
4369,2016-03-29,194,1466.0,8
4370,2016-03-29,50,1456.0,9
4371,2016-03-29,218,1451.0,7
4372,2016-03-29,116,1441.0,-18
4373,2016-03-29,25,1427.0,-5
4374,2016-03-29,205,1424.0,-12
4375,2016-03-29,183,1403.0,5
4376,2016-03-29,376,1395.0,4
4377,2016-03-29,10,1379.0,-30
4378,2016-03-29,195,1370.0,-17
4379,2016-03-29,52,1350.0,43
4380,2016-03-29,268,1349.0,1
4381,2016-03-29,235,1330.0,-43
4382,2016-03-29,197,1329.0,2
4383,2016-03-29,292,1321.0,12
4384,2016-03-29,208,1311.0,-14
4385,2016-03-29,89,1310.0,-33
4386,2016-03-29,135,1300.0,33
4387,2016-03-29,355,1299.0,15
4388,2016-03-29,139,1298.0,-8
4389,2016-03-29,382,1291.0,15
4390,2016-03-29,150,1285.0,-21
4391,2016-03-29,123,1279.0,14
4392,2016-03-29,244,1275.0,-7
4393,2016-03-29,221,1273.0,8
4394,2016-03-29,306,1271.0,14
4395,2016-03-29,276,1268.0,30
4396,2016-03-29,156,1250.0,16
4397,2016-03-29,202,1244.0,-6
4398,2016-03-29,13,1232.0,-14
4399,2016-03-29,404,1212.0,-7
4400,2016-03-29,191,1210.0,28
4401,2016-03-29,357,1209.0,21
4402,2016-03-29,368,1201.0,-28
4403,2016-03-29,104,1168.0,22
4404,2016-03-29,330,1167.0,-24
4405,2016-03-29,2,1151.0,24
4406,2016-03-29,149,1148.0,6
4407,2016-03-29,196,1142.0,8
4408,2016-03-29,310,1140.0,-4
4409,2016-03-29,28,1134.0,-22
4410,2016-03-29,210,1111.0,-9
4411,2016-03-29,144,1111.0,-8
4412,2016-03-29,222,1103.0,-12
4413,2016-03-29,166,1069.0,-15
4414,2016-03-29,281,1053.0,-16
4415,2016-03-29,234,1049.0,17
4416,2016-03-29,325,986.0,-8
4417,2016-03-29,102,968.0,-7
4418,2016-03-29,211,967.0,3
4419,2016-03-29,101,752.0,-2
4420,2016-03-29,387,734.0,-6
4421,2016-03-29,110,731.0,-1
4422,2016-03-29,203,623.0,9
4423,2016-03-29,35,552.0,-3
4424,2016-05-28,31,1929.0,9
4425,2016-05-28,225,1926.0,5
4426,2016-05-28,275,1776.0,4
4427,2016-05-28,361,1769.0,-9
4428,2016-05-28,396,1752.0,8
4429,2016-05-28,273,1746.0,-5
4430,2016-05-28,322,1659.0,6
4431,2016-05-28,37,1604.0,-8
4432,2016-05-28,242,1535.0,14
4433,2016-05-28,16,1507.0,23
4434,2016-05-28,152,1485.0,-23
4435,2016-05-28,137,1449.0,-23
4436,2016-05-28,116,1437.0,-4
4437,2016-05-28,292,1315.0,-6
4438,2016-05-28,221,1296.0,23
4439,2016-05-28,130,1253.0,-14
4440,2016-05-28,337,1190.0,27
4441,2016-05-28,400,1165.0,-27
4442,2016-05-28,210,1112.0,1
4443,2016-05-28,234,1048.0,-1
4444,2016-06-13,352,2002.0,10
4445,2016-06-13,225,1967.0,-18
4446,2016-06-13,175,1918.0,43
4447,2016-06-13,398,1894.0,12
4448,2016-06-13,31,1879.0,-43
4449,2016-06-13,360,1763.0,0
4450,2016-06-13,171,1758.0,0
4451,2016-06-13,94,1744.0,-10
4452,2016-06-13,403,1693.0,18
4453,2016-06-13,178,1553.0,-12
4454,2016-06-13,424,1393.0,-8
4455,2016-06-13,359,1304.0,10
4456,2016-06-13,206,1252.0,8
4457,2016-06-13,325,966.0,-10
4458,2016-09-06,15,2100.0,-15
4459,2016-09-06,42,2022.0,12
4460,2016-09-06,72,1991.0,-18
4461,2016-09-06,132,1987.0,-14
4462,2016-09-06,77,1946.0,-12
4463,2016-09-06,278,1924.0,-35
4464,2016-09-06,398,1904.0,16
4465,2016-09-06,237,1902.0,-4
4466,2016-09-06,225,1895.0,-18
4467,2016-09-06,31,1881.0,8
4468,2016-09-06,361,1837.0,35
4469,2016-09-06,275,1813.0,16
4470,2016-09-06,111,1811.0,-16
4471,2016-09-06,85,1808.0,13
4472,2016-09-06,347,1789.0,-14
4473,2016-09-06,396,1778.0,11
4474,2016-09-06,40,1769.0,7
4475,2016-09-06,168,1750.0,-5
4476,2016-09-06,273,1739.0,-16
4477,2016-09-06,360,1738.0,4
4478,2016-09-06,179,1734.0,14
4479,2016-09-06,20,1734.0,19
4480,2016-09-06,164,1707.0,-16
4481,2016-09-06,291,1704.0,5
4482,2016-09-06,403,1694.0,15
4483,2016-09-06,399,1684.0,19
4484,2016-09-06,269,1664.0,-13
4485,2016-09-06,147,1637.0,3
4486,2016-09-06,3,1635.0,6
4487,2016-09-06,37,1634.0,18
4488,2016-09-06,54,1622.0,4
4489,2016-09-06,112,1619.0,-13
4490,2016-09-06,143,1618.0,-5
4491,2016-09-06,30,1613.0,14
4492,2016-09-06,346,1601.0,13
4493,2016-09-06,48,1587.0,3
4494,2016-09-06,394,1581.0,-19
4495,2016-09-06,73,1568.0,5
4496,2016-09-06,161,1559.0,18
4497,2016-09-06,317,1556.0,17
4498,2016-09-06,379,1548.0,-11
4499,2016-09-06,282,1533.0,-19
4500,2016-09-06,55,1521.0,15
4501,2016-09-06,362,1517.0,14
4502,2016-09-06,158,1511.0,44
4503,2016-09-06,152,1510.0,5
4504,2016-09-06,178,1495.0,-44
4505,2016-09-06,194,1487.0,3
4506,2016-09-06,169,1461.0,-17
4507,2016-09-06,121,1453.0,-7
4508,2016-09-06,137,1451.0,-4
4509,2016-09-06,205,1425.0,-6
4510,2016-09-06,92,1412.0,-8
4511,2016-09-06,372,1406.0,-14
4512,2016-09-06,116,1401.0,-15
4513,2016-09-06,268,1343.0,-6
4514,2016-09-06,276,1280.0,12
4515,2016-09-06,127,1248.0,16
4516,2016-09-06,202,1232.0,-3
4517,2016-09-06,368,1228.0,6
4518,2016-09-06,167,1220.0,9
4519,2016-09-06,191,1217.0,-12
4520,2016-09-06,210,1123.0,-9
4521,2016-09-06,144,1108.0,-3
4522,2016-09-06,310,1104.0,-5
4523,2016-09-06,211,960.0,14
4524,2016-09-06,9,958.0,-3
4525,2016-09-06,26,852.0,-17
4526,2016-09-06,193,779.0,-14
4527,2016-09-06,35,566.0,17
4528,2016-11-19,121,1430.0,-2
4529,2016-11-19,372,1395.0,17
4530,2016-11-19,306,1263.0,2
4531,2016-11-19,276,1252.0,-12
4532,2016-11-19,167,1195.0,-17
4533,2016-11-19,330,1136.0,12
4534,2017-01-15,72,1984.0,7
4535,2017-01-15,85,1838.0,2
4536,2017-01-15,165,1772.0,-7
4537,2017-01-15,322,1709.0,27
4538,2017-01-15,269,1671.0,2
4539,2017-01-15,5,1621.0,-14
4540,2017-01-15,161,1581.0,12
4541,2017-01-15,380,1560.0,-27
4542,2017-01-15,424,1436.0,14
4543,2017-01-15,116,1406.0,-12
4544,2017-01-15,243,1252.0,-2
4545,2017-01-15,32,1199.0,-2
4546,2017-03-23,42,2118.0,27
4547,2017-03-23,15,2055.0,11
4548,2017-03-23,72,1973.0,-11
4549,2017-03-23,77,1929.0,4
4550,2017-03-23,398,1887.0,-27
4551,2017-03-23,111,1831.0,-23
4552,2017-03-23,275,1830.0,-3
4553,2017-03-23,179,1778.0,24
4554,2017-03-23,168,1772.0,14
4555,2017-03-23,347,1762.0,-29
4556,2017-03-23,273,1724.0,23
4557,2017-03-23,322,1705.0,-1
4558,2017-03-23,20,1701.0,-11
4559,2017-03-23,403,1686.0,3
4560,2017-03-23,245,1667.0,1
4561,2017-03-23,399,1638.0,-26
4562,2017-03-23,37,1628.0,-4
4563,2017-03-23,317,1610.0,29
4564,2017-03-23,362,1573.0,26
4565,2017-03-23,394,1562.0,-24
4566,2017-03-23,73,1549.0,29
4567,2017-03-23,282,1540.0,-14
4568,2017-03-23,181,1517.0,3
4569,2017-03-23,169,1505.0,11
4570,2017-03-23,388,1455.0,1
4571,2017-03-23,25,1425.0,-7
4572,2017-03-23,372,1394.0,-29
4573,2017-03-23,184,1383.0,-1
4574,2017-03-23,368,1255.0,7
4575,2017-03-23,366,1250.0,31
4576,2017-03-23,163,1196.0,-3
4577,2017-03-23,2,1153.0,9
4578,2017-03-23,330,1104.0,-9
4579,2017-03-23,272,1098.0,-31
4580,2017-06-10,142,2040.0,0
4581,2017-06-10,117,1917.0,-8
4582,2017-06-10,277,1872.0,10
4583,2017-06-10,334,1766.0,10
4584,2017-06-10,100,1737.0,12
4585,2017-06-10,322,1702.0,5
4586,2017-06-10,94,1697.0,-2
4587,2017-06-10,54,1691.0,11
4588,2017-06-10,319,1685.0,8
4589,2017-06-10,254,1681.0,13
4590,2017-06-10,290,1667.0,-10
4591,2017-06-10,177,1652.0,-34
4592,2017-06-10,346,1648.0,44
4593,2017-06-10,335,1642.0,3
4594,2017-06-10,245,1629.0,-44
4595,2017-06-10,50,1607.0,4
4596,2017-06-10,232,1598.0,-11
4597,2017-06-10,230,1596.0,20
4598,2017-06-10,99,1595.0,10
4599,2017-06-10,261,1561.0,2
4600,2017-06-10,154,1534.0,34
4601,2017-06-10,212,1531.0,11
4602,2017-06-10,16,1500.0,-20
4603,2017-06-10,200,1447.0,-10
4604,2017-06-10,137,1430.0,-11
4605,2017-06-10,23,1423.0,-13
4606,2017-06-10,422,1414.0,-31
4607,2017-06-10,79,1403.0,-10
4608,2017-06-10,184,1380.0,-16
4609,2017-06-10,328,1375.0,16
4610,2017-06-10,183,1368.0,-12
4611,2017-06-10,233,1363.0,31
4612,2017-06-10,235,1351.0,-20
4613,2017-06-10,119,1337.0,-5
4614,2017-06-10,208,1334.0,3
4615,2017-06-10,221,1330.0,24
4616,2017-06-10,359,1323.0,4
4617,2017-06-10,371,1317.0,-10
4618,2017-06-10,52,1311.0,9
4619,2017-06-10,155,1288.0,20
4620,2017-06-10,244,1287.0,-4
4621,2017-06-10,41,1250.0,-24
4622,2017-06-10,196,1245.0,10
4623,2017-06-10,213,1226.0,-3
4624,2017-06-10,10,1217.0,-4
4625,2017-06-10,34,1212.0,11
4626,2017-06-10,149,1112.0,-11
4627,2017-06-10,330,1081.0,-36
4628,2017-06-10,348,1064.0,-9
4629,2017-06-10,78,1019.0,-3
4630,2017-06-10,367,891.0,36
4631,2017-06-10,313,858.0,0
4632,2017-07-01,225,1920.0,5
4633,2017-07-01,396,1769.0,3
4634,2017-07-01,273,1707.0,-5
4635,2017-07-01,143,1574.0,-3
4636,2017-07-01,422,1441.0,10
4637,2017-07-01,235,1345.0,-6
4638,2017-07-01,196,1251.0,6
4639,2017-07-01,41,1240.0,-10
4640,2017-08-23,282,1557.0,2
4641,2017-08-23,382,1252.0,-2
4642,2017-10-10,42,2112.0,9
4643,2017-10-10,15,2004.0,20
4644,2017-10-10,278,2000.0,14
4645,2017-10-10,132,1979.0,1
4646,2017-10-10,77,1932.0,4
4647,2017-10-10,31,1929.0,2
4648,2017-10-10,275,1890.0,-4
4649,2017-10-10,398,1876.0,12
4650,2017-10-10,237,1872.0,18
4651,2017-10-10,361,1865.0,-14
4652,2017-10-10,72,1859.0,-9
4653,2017-10-10,225,1829.0,-29
4654,2017-10-10,360,1791.0,-18
4655,2017-10-10,168,1786.0,0
4656,2017-10-10,85,1760.0,-22
4657,2017-10-10,273,1752.0,-29
4658,2017-10-10,179,1751.0,-8
4659,2017-10-10,403,1747.0,29
4660,2017-10-10,111,1747.0,-20
4661,2017-10-10,396,1743.0,-33
4662,2017-10-10,40,1724.0,14
4663,2017-10-10,20,1713.0,10
4664,2017-10-10,37,1706.0,-12
4665,2017-10-10,347,1700.0,-19
4666,2017-10-10,291,1696.0,0
4667,2017-10-10,269,1669.0,22
4668,2017-10-10,147,1666.0,1
4669,2017-10-10,232,1652.0,19
4670,2017-10-10,161,1626.0,29
4671,2017-10-10,143,1617.0,24
4672,2017-10-10,164,1614.0,3
4673,2017-10-10,362,1612.0,-10
4674,2017-10-10,48,1610.0,-11
4675,2017-10-10,317,1603.0,-24
4676,2017-10-10,30,1509.0,-1
4677,2017-10-10,121,1495.0,-14
4678,2017-10-10,282,1488.0,-18
4679,2017-10-10,181,1484.0,-16
4680,2017-10-10,158,1479.0,8
4681,2017-10-10,263,1458.0,5
4682,2017-10-10,257,1442.0,-37
4683,2017-10-10,195,1440.0,37
4684,2017-10-10,58,1438.0,-14
4685,2017-10-10,379,1434.0,33
4686,2017-10-10,92,1421.0,-2
4687,2017-10-10,137,1420.0,-11
4688,2017-10-10,33,1415.0,11
4689,2017-10-10,268,1406.0,1
4690,2017-10-10,194,1375.0,5
4691,2017-10-10,25,1371.0,-37
4692,2017-10-10,233,1311.0,14
4693,2017-10-10,202,1306.0,11
4694,2017-10-10,404,1286.0,3
4695,2017-10-10,127,1281.0,-3
4696,2017-10-10,91,1267.0,18
4697,2017-10-10,382,1255.0,7
4698,2017-10-10,276,1241.0,-1
4699,2017-10-10,368,1222.0,6
4700,2017-10-10,416,1221.0,1
4701,2017-10-10,163,1219.0,14
4702,2017-10-10,191,1206.0,-2
4703,2017-10-10,2,1141.0,16
4704,2017-10-10,210,1081.0,-14
4705,2017-10-10,234,1080.0,2
4706,2017-10-10,330,1078.0,-7
4707,2017-10-10,144,1078.0,-1
4708,2017-10-10,9,1012.0,-5
4709,2017-10-10,211,946.0,-5
4710,2017-10-10,367,930.0,37
4711,2017-10-10,236,893.0,-6
4712,2017-10-10,53,821.0,-3
4713,2017-10-10,35,595.0,-1
4714,2017-12-15,263,1462.0,3
4715,2017-12-15,388,1442.0,-28
4716,2017-12-15,423,1357.0,28
4717,2017-12-15,130,1253.0,38
4718,2017-12-15,416,1224.0,-3
4719,2017-12-15,400,1222.0,15
4720,2017-12-15,241,1207.0,-38
4721,2017-12-15,337,1196.0,-15
4722,2017-12-15,385,757.0,10
4723,2017-12-15,377,546.0,-10
4724,2018-03-27,42,2130.0,12
4725,2018-03-27,142,2091.0,-12
4726,2018-03-27,352,2048.0,12
4727,2018-03-27,15,1983.0,-12
4728,2018-03-27,132,1983.0,8
4729,2018-03-27,117,1940.0,-4
4730,2018-03-27,77,1934.0,-6
4731,2018-03-27,31,1929.0,2
4732,2018-03-27,275,1906.0,11
4733,2018-03-27,175,1897.0,4
4734,2018-03-27,361,1878.0,6
4735,2018-03-27,72,1873.0,2
4736,2018-03-27,225,1858.0,-11
4737,2018-03-27,88,1853.0,11
4738,2018-03-27,100,1841.0,-2
4739,2018-03-27,277,1830.0,5
4740,2018-03-27,168,1796.0,4
4741,2018-03-27,360,1795.0,-10
4742,2018-03-27,165,1787.0,-11
4743,2018-03-27,323,1770.0,13
4744,2018-03-27,396,1754.0,7
4745,2018-03-27,347,1746.0,-5
4746,2018-03-27,273,1745.0,-7
4747,2018-03-27,85,1743.0,-13
4748,2018-03-27,389,1742.0,9
4749,2018-03-27,322,1742.0,0
4750,2018-03-27,40,1731.0,0
4751,2018-03-27,21,1725.0,6
4752,2018-03-27,381,1719.0,0
4753,2018-03-27,319,1717.0,10
4754,2018-03-27,20,1715.0,6
4755,2018-03-27,232,1709.0,8
4756,2018-03-27,290,1705.0,10
4757,2018-03-27,245,1698.0,-13
4758,2018-03-27,179,1693.0,-9
4759,2018-03-27,291,1684.0,-8
4760,2018-03-27,147,1664.0,10
4761,2018-03-27,269,1661.0,-6
4762,2018-03-27,380,1643.0,13
4763,2018-03-27,112,1637.0,-10
4764,2018-03-27,362,1611.0,2
4765,2018-03-27,230,1609.0,0
4766,2018-03-27,399,1608.0,-8
4767,2018-03-27,335,1606.0,-23
4768,2018-03-27,177,1598.0,4
4769,2018-03-27,164,1583.0,-10
4770,2018-03-27,50,1583.0,-24
4771,2018-03-27,99,1579.0,-23
4772,2018-03-27,317,1565.0,-2
4773,2018-03-27,169,1560.0,-2
4774,2018-03-27,263,1540.0,9
4775,2018-03-27,5,1534.0,-4
4776,2018-03-27,30,1530.0,23
4777,2018-03-27,205,1517.0,-4
4778,2018-03-27,121,1503.0,-12
4779,2018-03-27,140,1503.0,12
4780,2018-03-27,181,1467.0,-14
4781,2018-03-27,16,1463.0,-15
4782,2018-03-27,257,1459.0,7
4783,2018-03-27,195,1458.0,2
4784,2018-03-27,388,1452.0,-6
4785,2018-03-27,25,1418.0,15
4786,2018-03-27,200,1411.0,15
4787,2018-03-27,188,1405.0,24
4788,2018-03-27,268,1403.0,-9
4789,2018-03-27,23,1392.0,4
4790,2018-03-27,235,1386.0,4
4791,2018-03-27,184,1372.0,-13
4792,2018-03-27,202,1325.0,-6
4793,2018-03-27,371,1312.0,23
4794,2018-03-27,65,1308.0,13
4795,2018-03-27,208,1306.0,6
4796,2018-03-27,404,1288.0,14
4797,2018-03-27,359,1286.0,-6
4798,2018-03-27,196,1254.0,-4
4799,2018-03-27,191,1246.0,11
4800,2018-03-27,382,1243.0,-15
4801,2018-03-27,368,1199.0,-17
4802,2018-03-27,416,1197.0,6
4803,2018-03-27,276,1190.0,17
4804,2018-03-27,163,1187.0,-7
4805,2018-03-27,2,1158.0,5
4806,2018-03-27,166,1151.0,-11
4807,2018-03-27,222,1074.0,4
4808,2018-03-27,234,1072.0,2
4809,2018-03-27,210,1055.0,-2
4810,2018-03-27,330,1043.0,-19
4811,2018-03-27,367,997.0,19
4812,2018-03-27,211,945.0,6
4813,2018-03-27,325,943.0,6
4814,2018-03-27,236,899.0,-6
4815,2018-03-27,53,821.0,-5
4816,2018-03-27,26,809.0,2
4817,2018-03-27,193,770.0,-2
4818,2018-03-27,203,674.0,-2
4819,2018-03-27,229,660.0,-4
4820,2018-03-27,35,588.0,-6
4821,2018-03-27,227,,-4
4822,2018-06-01,132,1994.0,8
4823,2018-06-01,77,1927.0,-7
4824,2018-06-01,175,1892.0,-8
4825,2018-06-01,40,1745.0,20
4826,2018-06-01,20,1734.0,19
4827,2018-06-01,347,1732.0,-20
4828,2018-06-01,381,1726.0,-2
4829,2018-06-01,94,1702.0,-19
4830,2018-06-01,380,1653.0,2
4831,2018-06-01,112,1641.0,7
4832,2018-06-01,140,1506.0,3
4833,2018-06-01,5,1505.0,-15
4834,2018-06-01,58,1439.0,15
4835,2018-06-01,41,1313.0,21
4836,2018-06-01,208,1274.0,-1
4837,2018-06-01,10,1252.0,1
4838,2018-06-01,213,1204.0,-3
4839,2018-06-01,166,1162.0,11
4840,2018-06-01,222,1072.0,-21
4841,2018-06-01,367,986.0,-11
4842,2018-08-26,196,1316.0,6
4843,2018-08-26,89,1287.0,-2
4844,2018-08-26,122,1255.0,-6
4845,2018-08-26,28,1137.0,2
4846,2018-08-26,308,853.0,5
4847,2018-08-26,11,566.0,-5
4848,2018-11-17,278,1974.0,1
4849,2018-11-17,175,1882.0,-1
4850,2018-11-17,360,1834.0,20
4851,2018-11-17,323,1804.0,7
4852,2018-11-17,347,1774.0,1
4853,2018-11-17,322,1755.0,5
4854,2018-11-17,290,1733.0,4
4855,2018-11-17,20,1722.0,-1
4856,2018-11-17,245,1720.0,-5
4857,2018-11-17,319,1712.0,32
4858,2018-11-17,381,1692.0,-20
4859,2018-11-17,230,1606.0,-7
4860,2018-11-17,178,1568.0,4
4861,2018-11-17,346,1544.0,5
4862,2018-11-17,212,1527.0,21
4863,2018-11-17,158,1521.0,22
4864,2018-11-17,3,1499.0,-32
4865,2018-11-17,188,1474.0,24
4866,2018-11-17,198,1473.0,9
4867,2018-11-17,181,1469.0,2
4868,2018-11-17,388,1463.0,12
4869,2018-11-17,23,1425.0,12
4870,2018-11-17,372,1412.0,10
4871,2018-11-17,137,1404.0,-21
4872,2018-11-17,58,1398.0,-12
4873,2018-11-17,33,1386.0,-35
4874,2018-11-17,235,1381.0,-10
4875,2018-11-17,200,1340.0,-4
4876,2018-11-17,89,1338.0,12
4877,2018-11-17,155,1309.0,10
4878,2018-11-17,139,1303.0,35
4879,2018-11-17,119,1292.0,-5
4880,2018-11-17,243,1279.0,-22
4881,2018-11-17,104,1264.0,-12
4882,2018-11-17,357,1257.0,-4
4883,2018-11-17,127,1254.0,-12
4884,2018-11-17,208,1250.0,-26
4885,2018-11-17,241,1219.0,3
4886,2018-11-17,166,1213.0,-2
4887,2018-11-17,167,1208.0,-10
4888,2018-11-17,400,1206.0,-3
4889,2018-11-17,276,1202.0,2
4890,2018-11-17,213,1179.0,-24
4891,2018-11-17,307,1140.0,-6
4892,2018-11-17,78,1090.0,26
4893,2018-11-17,325,966.0,-9
4894,2018-11-17,62,943.0,6
4895,2018-11-17,110,650.0,-2
4896,2018-12-28,169,1583.0,5
4897,2018-12-28,73,1517.0,-2
4898,2018-12-28,394,1484.0,-23
4899,2018-12-28,181,1448.0,2
4900,2018-12-28,190,1439.0,23
4901,2018-12-28,268,1395.0,-5
4902,2018-12-28,382,1252.0,-3
4903,2018-12-28,2,1152.0,3
4904,2019-06-10,352,2027.0,12
4905,2019-06-10,100,1889.0,5
4906,2019-06-10,360,1826.0,-12
4907,2019-06-10,389,1824.0,1
4908,2019-06-10,277,1803.0,12
4909,2019-06-10,323,1796.0,3
4910,2019-06-10,290,1750.0,5
4911,2019-06-10,94,1737.0,13
4912,2019-06-10,21,1735.0,26
4913,2019-06-10,171,1728.0,1
4914,2019-06-10,261,1684.0,7
4915,2019-06-10,174,1597.0,-12
4916,2019-06-10,48,1579.0,-30
4917,2019-06-10,335,1571.0,21
4918,2019-06-10,55,1565.0,10
4919,2019-06-10,230,1561.0,-13
4920,2019-06-10,188,1543.0,30
4921,2019-06-10,140,1526.0,-5
4922,2019-06-10,258,1496.0,-26
4923,2019-06-10,379,1429.0,-10
4924,2019-06-10,202,1356.0,-1
4925,2019-06-10,200,1321.0,-3
4926,2019-06-10,194,1250.0,-21
4927,2019-06-10,130,1236.0,3
4928,2019-06-10,127,1226.0,-7
4929,2019-06-10,400,1210.0,-3
4930,2019-06-10,213,1190.0,-5
4931,2019-06-10,144,1094.0,-1
4932,2019-07-19,322,1749.0,-33
4933,2019-07-19,5,1702.0,33
4934,2019-07-19,257,1366.0,11
4935,2019-07-19,368,1252.0,-11
4936,2019-11-19,31,2083.0,1
4937,2019-11-19,42,2081.0,5
4938,2019-11-19,237,2017.0,2
4939,2019-11-19,77,1985.0,4
4940,2019-11-19,142,1964.0,8
4941,2019-11-19,88,1920.0,1
4942,2019-11-19,225,1901.0,1
4943,2019-11-19,403,1829.0,21
4944,2019-11-19,291,1794.0,1
4945,2019-11-19,277,1789.0,6
4946,2019-11-19,406,1782.0,12
4947,2019-11-19,347,1753.0,-5
4948,2019-11-19,179,1750.0,-21
4949,2019-11-19,21,1740.0,-37
4950,2019-11-19,273,1738.0,-3
4951,2019-11-19,334,1734.0,4
4952,2019-11-19,111,1726.0,-4
4953,2019-11-19,282,1725.0,1
4954,2019-11-19,396,1720.0,5
4955,2019-11-19,254,1678.0,-8
4956,2019-11-19,232,1659.0,13
4957,2019-11-19,319,1639.0,6
4958,2019-11-19,380,1619.0,10
4959,2019-11-19,164,1618.0,-12
4960,2019-11-19,177,1615.0,-34
4961,2019-11-19,169,1599.0,-6
4962,2019-11-19,335,1585.0,-6
4963,2019-11-19,399,1580.0,10
4964,2019-11-19,140,1550.0,-1
4965,2019-11-19,258,1546.0,16
4966,2019-11-19,174,1538.0,-16
4967,2019-11-19,230,1523.0,10
4968,2019-11-19,317,1520.0,3
4969,2019-11-19,263,1519.0,3
4970,2019-11-19,25,1510.0,6
4971,2019-11-19,30,1493.0,-10
4972,2019-11-19,116,1489.0,6
4973,2019-11-19,362,1486.0,5
4974,2019-11-19,181,1478.0,2
4975,2019-11-19,198,1463.0,13
4976,2019-11-19,121,1433.0,-2
4977,2019-11-19,422,1432.0,-30
4978,2019-11-19,206,1429.0,37
4979,2019-11-19,190,1426.0,2
4980,2019-11-19,404,1411.0,-9
4981,2019-11-19,424,1408.0,30
4982,2019-11-19,195,1407.0,-8
4983,2019-11-19,92,1399.0,-1
4984,2019-11-19,268,1385.0,-10
4985,2019-11-19,257,1379.0,8
4986,2019-11-19,221,1379.0,22
4987,2019-11-19,23,1376.0,-4
4988,2019-11-19,372,1361.0,9
4989,2019-11-19,183,1360.0,-6
4990,2019-11-19,65,1345.0,-22
4991,2019-11-19,371,1317.0,-13
4992,2019-11-19,34,1299.0,-1
4993,2019-11-19,119,1297.0,-10
4994,2019-11-19,123,1282.0,34
4995,2019-11-19,191,1272.0,-8
4996,2019-11-19,52,1269.0,-13
4997,2019-11-19,89,1268.0,-5
4998,2019-11-19,382,1268.0,1
4999,2019-11-19,194,1254.0,37
5000,2019-11-19,244,1252.0,-37
5001,2019-11-19,368,1236.0,8
5002,2019-11-19,416,1209.0,-25
5003,2019-11-19,210,1204.0,18
5004,2019-11-19,166,1192.0,-3
5005,2019-11-19,163,1188.0,4
5006,2019-11-19,104,1182.0,-6
5007,2019-11-19,330,1161.0,25
5008,2019-11-19,276,1156.0,-5
5009,2019-11-19,2,1140.0,-1
5010,2019-11-19,167,1120.0,-18
5011,2019-11-19,28,1103.0,12
5012,2019-11-19,234,1050.0,3
5013,2019-11-19,307,1035.0,-35
5014,2019-11-19,281,974.0,3
5015,2019-11-19,211,949.0,9
5016,2019-11-19,367,943.0,-2
5017,2019-11-19,236,923.0,-2
5018,2019-11-19,62,913.0,-12
5019,2019-11-19,231,860.0,35
5020,2019-11-19,308,853.0,19
5021,2019-11-19,53,840.0,-4
5022,2019-11-19,313,820.0,-1
5023,2019-11-19,151,736.0,-9
5024,2019-11-19,229,733.0,-3
5025,2019-11-19,387,705.0,-19
5026,2019-11-19,354,673.0,-1
5027,2019-11-19,11,547.0,-3
5028,2020-09-06,352,2043.0,14
5029,2020-09-06,142,1963.0,1
5030,2020-09-06,361,1879.0,-1
5031,2020-09-06,389,1857.0,-14
5032,2020-09-06,291,1831.0,16
5033,2020-09-06,406,1805.0,5
5034,2020-09-06,323,1763.0,-7
5035,2020-09-06,381,1752.0,7
5036,2020-09-06,171,1695.0,-30
5037,2020-09-06,131,1659.0,30
5038,2020-09-06,164,1635.0,-16
5039,2020-09-06,147,1633.0,22
5040,2020-09-06,335,1584.0,3
5041,2020-09-06,48,1558.0,-5
5042,2020-09-06,188,1524.0,-22
5043,2020-09-06,127,1256.0,19
5044,2020-09-06,194,1243.0,1
5045,2020-09-06,213,1156.0,-1
5046,2020-09-06,227,,-3
5047,2020-09-06,9,1101.0,-19
5048,2020-10-07,132,2079.0,6
5049,2020-10-07,352,2045.0,2
5050,2020-10-07,278,2028.0,-2
5051,2020-10-07,175,1982.0,0
5052,2020-10-07,237,1978.0,-15
5053,2020-10-07,142,1956.0,-7
5054,2020-10-07,225,1918.0,15
5055,2020-10-07,88,1902.0,13
5056,2020-10-07,100,1869.0,1
5057,2020-10-07,361,1866.0,-13
5058,2020-10-07,389,1851.0,-6
5059,2020-10-07,277,1812.0,7
5060,2020-10-07,381,1759.0,7
5061,2020-10-07,94,1744.0,3
5062,2020-10-07,21,1741.0,5
5063,2020-10-07,131,1652.0,-7
5064,2020-10-07,147,1628.0,-5
5065,2020-10-07,335,1584.0,0
5066,2020-10-07,230,1558.0,-8
5067,2020-10-07,422,1437.0,5
5068,2020-10-07,58,1406.0,5
5069,2020-10-07,121,1372.0,-22
5070,2020-10-07,200,1342.0,22
5071,2020-10-07,92,1341.0,-3
5072,2020-10-07,208,1337.0,-5
5073,2020-10-07,202,1335.0,-17
5074,2020-10-07,127,1255.0,-1
5075,2020-10-07,194,1251.0,8
5076,2020-10-07,199,1166.0,17
5077,2020-10-07,213,1164.0,8
5078,2020-10-07,9,1096.0,-5
5079,2020-10-07,144,1082.0,-8
5080,2020-10-07,313,808.0,0
5081,2020-10-07,227,,0
5082,2020-11-17,42,2135.0,28
5083,2020-11-17,132,2092.0,7
5084,2020-11-17,352,2049.0,26
5085,2020-11-17,278,2038.0,17
5086,2020-11-17,15,1994.0,26
5087,2020-11-17,142,1955.0,-26
5088,2020-11-17,398,1953.0,-28
5089,2020-11-17,225,1928.0,8
5090,2020-11-17,77,1896.0,-47
5091,2020-11-17,88,1859.0,-17
5092,2020-11-17,111,1826.0,47
5093,2020-11-17,360,1820.0,-7
5094,2020-11-17,72,1813.0,-17
5095,2020-11-17,403,1801.0,17
5096,2020-11-17,275,1792.0,-26
5097,2020-11-17,347,1773.0,7
5098,2020-11-17,273,1769.0,-14
5099,2020-11-17,179,1745.0,-8
5100,2020-11-17,232,1681.0,8
5101,2020-11-17,245,1668.0,-12
5102,2020-11-17,282,1642.0,-7
5103,2020-11-17,169,1628.0,8
5104,2020-11-17,177,1617.0,-6
5105,2020-11-17,380,1615.0,-12
5106,2020-11-17,143,1603.0,-32
5107,2020-11-17,112,1601.0,16
5108,2020-11-17,178,1582.0,13
5109,2020-11-17,37,1582.0,14
5110,2020-11-17,212,1574.0,13
5111,2020-11-17,317,1556.0,-13
5112,2020-11-17,399,1552.0,-8
5113,2020-11-17,230,1531.0,12
5114,2020-11-17,99,1500.0,19
5115,2020-11-17,33,1476.0,-5
5116,2020-11-17,206,1422.0,6
5117,2020-11-17,58,1384.0,-1
5118,2020-11-17,23,1383.0,5
5119,2020-11-17,202,1362.0,-5
5120,2020-11-17,10,1349.0,-19
5121,2020-11-17,328,1344.0,12
5122,2020-11-17,65,1331.0,-8
5123,2020-11-17,355,1328.0,32
5124,2020-11-17,92,1326.0,-12
5125,2020-11-17,235,1312.0,-13
5126,2020-11-17,196,1293.0,5
5127,2020-11-17,376,1292.0,-16
5128,2020-11-17,371,1291.0,12
5129,2020-11-17,123,1275.0,29
5130,2020-11-17,292,1267.0,1
5131,2020-11-17,127,1262.0,3
5132,2020-11-17,194,1261.0,33
5133,2020-11-17,244,1254.0,-29
5134,2020-11-17,213,1215.0,-3
5135,2020-11-17,199,1115.0,5
5136,2020-11-17,144,1095.0,-5
5137,2020-11-17,9,1037.0,-33
5138,2020-11-17,236,909.0,1
5139,2020-11-17,26,846.0,-1
5140,2021-03-28,132,2077.0,1
5141,2021-03-28,352,2034.0,3
5142,2021-03-28,175,2006.0,5
5143,2021-03-28,142,1971.0,10
5144,2021-03-28,117,1970.0,9
5145,2021-03-28,100,1939.0,1
5146,2021-03-28,361,1882.0,1
5147,2021-03-28,360,1838.0,15
5148,2021-03-28,389,1837.0,-12
5149,2021-03-28,277,1814.0,0
5150,2021-03-28,21,1786.0,2
5151,2021-03-28,396,1765.0,8
5152,2021-03-28,164,1743.0,1
5153,2021-03-28,131,1711.0,12
5154,2021-03-28,290,1666.0,-10
5155,2021-03-28,319,1662.0,1
5156,2021-03-28,147,1650.0,6
5157,2021-03-28,380,1643.0,4
5158,2021-03-28,143,1605.0,1
5159,2021-03-28,161,1604.0,-6
5160,2021-03-28,165,1596.0,-30
5161,2021-03-28,174,1578.0,-1
5162,2021-03-28,254,1575.0,-8
5163,2021-03-28,258,1562.0,3
5164,2021-03-28,16,1558.0,30
5165,2021-03-28,3,1550.0,-9
5166,2021-03-28,269,1542.0,2
5167,2021-03-28,140,1500.0,-3
5168,2021-03-28,48,1488.0,-5
5169,2021-03-28,188,1484.0,-15
5170,2021-03-28,346,1478.0,-36
5171,2021-03-28,116,1466.0,-19
5172,2021-03-28,91,1434.0,11
5173,2021-03-28,154,1433.0,-23
5174,2021-03-28,355,1382.0,36
5175,2021-03-28,200,1360.0,-1
5176,2021-03-28,198,1354.0,-20
5177,2021-03-28,379,1352.0,-13
5178,2021-03-28,119,1352.0,-4
5179,2021-03-28,235,1335.0,23
5180,2021-03-28,183,1332.0,-1
5181,2021-03-28,371,1294.0,20
5182,2021-03-28,127,1264.0,-2
5183,2021-03-28,89,1252.0,-11
5184,2021-03-28,199,1106.0,-3
5185,2021-03-28,314,1063.0,-1
5186,2021-03-28,9,1034.0,0
5187,2021-03-28,102,1012.0,-2
5188,2021-03-28,281,994.0,13
5189,2021-03-28,231,893.0,19
5190,2021-03-28,313,829.0,-1
5191,2021-03-28,227,,-1
5192,2021-05-24,169,1630.0,-9
5193,2021-05-24,181,1476.0,-16
5194,2021-05-24,394,1453.0,16
5195,2021-05-24,368,1251.0,9
5196,2021-06-07,142,1935.0,1
5197,2021-06-07,389,1814.0,2
5198,2021-06-07,168,1794.0,25
5199,2021-06-07,323,1792.0,-6
5200,2021-06-07,179,1762.0,2
5201,2021-06-07,20,1731.0,1
5202,2021-06-07,282,1658.0,8
5203,2021-06-07,169,1631.0,1
5204,2021-06-07,178,1578.0,6
5205,2021-06-07,399,1568.0,7
5206,2021-06-07,25,1544.0,-25
5207,2021-06-07,263,1496.0,-8
5208,2021-06-07,362,1481.0,1
5209,2021-06-07,181,1477.0,3
5210,2021-06-07,394,1474.0,13
5211,2021-06-07,73,1473.0,9
5212,2021-06-07,404,1425.0,12
5213,2021-06-07,92,1365.0,-2
5214,2021-06-07,292,1324.0,14
5215,2021-06-07,372,1319.0,-13
5216,2021-06-07,194,1288.0,-1
5217,2021-06-07,65,1282.0,-14
5218,2021-06-07,127,1263.0,7
5219,2021-06-07,368,1252.0,-2
5220,2021-06-07,191,1234.0,-38
5221,2021-06-07,166,1200.0,8
5222,2021-06-07,276,1147.0,-9
5223,2021-06-07,330,1139.0,-7
5224,2021-06-07,167,1108.0,-12
5225,2021-06-07,199,1092.0,-7
5226,2021-06-07,144,1088.0,1
5227,2021-06-07,9,1029.0,-1
5228,2021-06-07,236,941.0,-3
5229,2021-06-07,367,909.0,-1
5230,2021-06-07,26,850.0,-8
5231,2021-06-07,53,838.0,-1
5232,2021-06-07,229,769.0,38
5233,2021-06-07,151,734.0,-1
5234,2021-09-04,132,2046.0,-9
5235,2021-09-04,278,2012.0,4
5236,2021-09-04,100,1970.0,1
5237,2021-09-04,237,1920.0,4
5238,2021-09-04,88,1841.0,17
5239,2021-09-04,323,1802.0,4
5240,2021-09-04,389,1789.0,9
5241,2021-09-04,261,1749.0,7
5242,2021-09-04,21,1740.0,-41
5243,2021-09-04,291,1739.0,9
5244,2021-09-04,381,1719.0,3
5245,2021-09-04,131,1708.0,3
5246,2021-09-04,282,1681.0,-4
5247,2021-09-04,174,1662.0,41
5248,2021-09-04,334,1656.0,-17
5249,2021-09-04,40,1648.0,2
5250,2021-09-04,319,1626.0,2
5251,2021-09-04,335,1616.0,3
5252,2021-09-04,171,1604.0,-16
5253,2021-09-04,230,1528.0,-4
5254,2021-09-04,158,1527.0,20
5255,2021-09-04,181,1450.0,-20
5256,2021-09-04,202,1395.0,-4
5257,2021-09-04,23,1377.0,16
5258,2021-09-04,190,1373.0,-2
5259,2021-09-04,183,1359.0,-3
5260,2021-09-04,92,1316.0,-9
5261,2021-09-04,194,1283.0,-7
5262,2021-09-04,213,1256.0,-3
5263,2021-09-04,52,1252.0,8
5264,2021-09-04,127,1247.0,-1
5265,2021-09-04,144,1076.0,-3
5266,2021-09-04,325,893.0,-8
5267,2021-09-04,227,,-2
5268,2021-10-09,117,2045.0,0
5269,2021-10-09,278,2018.0,3
5270,2021-10-09,100,1978.0,1
5271,2021-10-09,361,1913.0,5
5272,2021-10-09,360,1865.0,5
5273,2021-10-09,389,1814.0,21
5274,2021-10-09,323,1803.0,6
5275,2021-10-09,277,1782.0,0
5276,2021-10-09,21,1716.0,7
5277,2021-10-09,322,1705.0,6
5278,2021-10-09,147,1704.0,22
5279,2021-10-09,232,1701.0,6
5280,2021-10-09,131,1683.0,-21
5281,2021-10-09,164,1677.0,-32
5282,2021-10-09,282,1673.0,-3
5283,2021-10-09,319,1671.0,14
5284,2021-10-09,40,1649.0,17
5285,2021-10-09,174,1641.0,-14
5286,2021-10-09,171,1631.0,22
5287,2021-10-09,3,1604.0,32
5288,2021-10-09,254,1602.0,-5
5289,2021-10-09,143,1588.0,7
5290,2021-10-09,399,1554.0,7
5291,2021-10-09,346,1551.0,23
5292,2021-10-09,188,1502.0,-5
5293,2021-10-09,242,1498.0,12
5294,2021-10-09,48,1492.0,-42
5295,2021-10-09,140,1463.0,-22
5296,2021-10-09,154,1423.0,-4
5297,2021-10-09,91,1405.0,-12
5298,2021-10-09,202,1394.0,-6
5299,2021-10-09,155,1383.0,-6
5300,2021-10-09,235,1383.0,-6
5301,2021-10-09,355,1358.0,4
5302,2021-10-09,183,1358.0,-17
5303,2021-10-09,139,1355.0,-16
5304,2021-10-09,328,1353.0,16
5305,2021-10-09,23,1352.0,-22
5306,2021-10-09,79,1350.0,0
5307,2021-10-09,200,1333.0,42
5308,2021-10-09,424,1333.0,-7
5309,2021-10-09,123,1325.0,-23
5310,2021-10-09,127,1253.0,-7
5311,2021-10-09,376,1251.0,0
5312,2021-10-09,210,1192.0,-7
5313,2021-10-09,9,1038.0,0
5314,2021-10-09,53,852.0,14
5315,2021-10-09,313,816.0,0
5316,2021-10-09,151,714.0,-14
5317,2021-10-09,227,,-1
5318,2021-11-13,132,2104.0,1
5319,2021-11-13,31,2082.0,1
5320,2021-11-13,237,1919.0,-15
5321,2021-11-13,406,1827.0,5
5322,2021-11-13,261,1742.0,-19
5323,2021-11-13,131,1732.0,36
5324,2021-11-13,381,1711.0,1
5325,2021-11-13,177,1665.0,8
5326,2021-11-13,245,1657.0,8
5327,2021-11-13,380,1634.0,-29
5328,2021-11-13,40,1626.0,-36
5329,2021-11-13,54,1588.0,13
5330,2021-11-13,230,1529.0,15
5331,2021-11-13,58,1453.0,8
5332,2021-11-13,30,1443.0,-5
5333,2021-11-13,422,1433.0,23
5334,2021-11-13,121,1431.0,-1
5335,2021-11-13,119,1426.0,29
5336,2021-11-13,183,1344.0,-1
5337,2021-11-13,221,1340.0,-23
5338,2021-11-13,328,1333.0,-20
5339,2021-11-13,197,1326.0,-8
5340,2021-11-13,194,1309.0,19
5341,2021-11-13,65,1295.0,-8
5342,2021-11-13,208,1292.0,-13
5343,2021-11-13,233,1284.0,-8
5344,2021-11-13,89,1276.0,-14
5345,2021-11-13,78,1253.0,20
5346,2021-11-13,52,1244.0,4
5347,2021-11-13,243,1230.0,14
5348,2021-11-13,144,1065.0,-1
5349,2021-11-13,234,1006.0,-4
5350,2021-11-13,211,904.0,-18
5351,2021-11-13,325,901.0,10
5352,2021-11-13,26,878.0,18
5353,2021-11-13,354,656.0,-10
5354,2022-03-08,122,1250.0,8
5355,2022-03-08,196,1191.0,-8
5356,2022-03-21,242,1532.0,14
5357,2022-03-21,130,1250.0,-14
5358,2022-03-21,241,1220.0,-26
5359,2022-03-21,272,1173.0,26
5360,2022-06-06,42,2166.0,4
5361,2022-06-06,132,2073.0,-10
5362,2022-06-06,100,1983.0,15
5363,2022-06-06,88,1808.0,10
5364,2022-06-06,347,1805.0,10
5365,2022-06-06,179,1803.0,-4
5366,2022-06-06,21,1759.0,-15
5367,2022-06-06,72,1757.0,-10
5368,2022-06-06,334,1648.0,-37
5369,2022-06-06,3,1586.0,4
5370,2022-06-06,165,1546.0,-4
5371,2022-06-06,30,1454.0,-10
5372,2022-06-06,119,1439.0,16
5373,2022-06-06,161,1429.0,-29
5374,2022-06-06,91,1410.0,29
5375,2022-06-06,183,1387.0,37
5376,2022-06-06,194,1350.0,4
5377,2022-06-06,379,1342.0,1
5378,2022-06-06,198,1331.0,-16
5379,2022-06-06,23,1292.0,10
5380,2022-06-06,243,1251.0,-4
5381,2022-06-06,310,1089.0,4
5382,2022-06-06,9,1073.0,3
5383,2022-06-06,199,1051.0,-4
5384,2022-06-06,38,973.0,-11
5385,2022-06-06,18,935.0,30
5386,2022-06-06,24,872.0,-1
5387,2022-06-06,62,865.0,-16
5388,2022-06-06,308,820.0,-30
5389,2022-06-06,333,769.0,11
5390,2022-06-06,384,735.0,-19
5391,2022-06-06,387,683.0,19
5392,2022-06-06,45,616.0,16
5393,2022-06-06,227,,-3
5394,2022-06-14,31,2033.0,14
5395,2022-06-14,237,2003.0,7
5396,2022-06-14,142,1988.0,26
5397,2022-06-14,175,1949.0,-26
5398,2022-06-14,117,1937.0,-66
5399,2022-06-14,389,1848.0,-9
5400,2022-06-14,164,1823.0,66
5401,2022-06-14,225,1823.0,-10
5402,2022-06-14,406,1822.0,-7
5403,2022-06-14,396,1818.0,-12
5404,2022-06-14,347,1806.0,6
5405,2022-06-14,277,1803.0,-14
5406,2022-06-14,179,1766.0,-43
5407,2022-06-14,381,1745.0,2
5408,2022-06-14,85,1726.0,11
5409,2022-06-14,72,1718.0,-8
5410,2022-06-14,319,1706.0,28
5411,2022-06-14,171,1689.0,9
5412,2022-06-14,380,1684.0,43
5413,2022-06-14,131,1663.0,-18
5414,2022-06-14,112,1636.0,-6
5415,2022-06-14,40,1635.0,18
5416,2022-06-14,230,1590.0,52
5417,2022-06-14,290,1574.0,-52
5418,2022-06-14,181,1574.0,23
5419,2022-06-14,399,1555.0,12
5420,2022-06-14,178,1547.0,10
5421,2022-06-14,242,1544.0,-11
5422,2022-06-14,158,1536.0,11
5423,2022-06-14,143,1535.0,8
5424,2022-06-14,25,1524.0,7
5425,2022-06-14,116,1501.0,12
5426,2022-06-14,16,1478.0,-28
5427,2022-06-14,268,1432.0,11
5428,2022-06-14,202,1412.0,-13
5429,2022-06-14,372,1394.0,-12
5430,2022-06-14,194,1390.0,12
5431,2022-06-14,135,1329.0,5
5432,2022-06-14,368,1306.0,4
5433,2022-06-14,190,1299.0,-23
5434,2022-06-14,191,1268.0,-4
5435,2022-06-14,200,1260.0,-2
5436,2022-06-14,127,1260.0,13
5437,2022-06-14,382,1252.0,-7
5438,2022-06-14,167,1251.0,14
5439,2022-06-14,166,1235.0,24
5440,2022-06-14,210,1194.0,5
5441,2022-06-14,156,1183.0,-11
5442,2022-06-14,163,1153.0,-24
5443,2022-06-14,330,1126.0,22
5444,2022-06-14,416,1100.0,-51
5445,2022-06-14,276,1097.0,-11
5446,2022-06-14,2,1097.0,-13
5447,2022-06-14,9,1077.0,-9
5448,2022-06-14,32,1076.0,-5
5449,2022-06-14,199,1026.0,-12
5450,2022-06-14,38,996.0,8
5451,2022-06-14,234,930.0,-22
5452,2022-06-14,236,922.0,-14
5453,2022-06-14,211,917.0,9
5454,2022-06-14,53,863.0,13
5455,2022-06-14,26,843.0,-5
5456,2022-06-14,229,805.0,51
5457,2022-06-14,333,776.0,-31
5458,2022-06-14,354,677.0,-9
5459,2022-06-14,227,,9
5460,2022-06-14,384,728.0,31
5461,2022-06-14,387,660.0,-8
5462,2022-07-10,10,1389.0,-25
5463,2022-07-10,41,1352.0,25
5464,2022-07-10,122,1306.0,27
5465,2022-07-10,208,1293.0,7
5466,2022-07-10,78,1251.0,5
5467,2022-07-10,196,1219.0,-27
5468,2022-07-10,222,940.0,-7
5469,2022-07-10,325,891.0,-5
5470,2022-09-23,42,2167.0,1
5471,2022-09-23,15,2140.0,1
5472,2022-09-23,175,1963.0,14
5473,2022-09-23,142,1955.0,-33
5474,2022-09-23,398,1926.0,-14
5475,2022-09-23,117,1923.0,-14
5476,2022-09-23,164,1856.0,33
5477,2022-09-23,111,1841.0,-6
5478,2022-09-23,168,1823.0,14
5479,2022-09-23,396,1801.0,-17
5480,2022-09-23,179,1799.0,17
5481,2022-09-23,347,1780.0,-4
5482,2022-09-23,55,1778.0,10
5483,2022-09-23,232,1751.0,14
5484,2022-09-23,273,1740.0,4
5485,2022-09-23,85,1730.0,4
5486,2022-09-23,5,1714.0,2
5487,2022-09-23,72,1704.0,-14
5488,2022-09-23,140,1662.0,19
5489,2022-09-23,131,1653.0,-10
5490,2022-09-23,282,1648.0,-10
5491,2022-09-23,40,1647.0,12
5492,2022-09-23,112,1639.0,3
5493,2022-09-23,317,1628.0,6
5494,2022-09-23,212,1618.0,4
5495,2022-09-23,54,1613.0,-18
5496,2022-09-23,258,1595.0,-19
5497,2022-09-23,50,1586.0,6
5498,2022-09-23,290,1584.0,10
5499,2022-09-23,181,1584.0,10
5500,2022-09-23,230,1578.0,-12
5501,2022-09-23,399,1573.0,18
5502,2022-09-23,169,1564.0,0
5503,2022-09-23,263,1558.0,0
5504,2022-09-23,143,1534.0,-1
5505,2022-09-23,25,1510.0,-14
5506,2022-09-23,394,1498.0,-4
5507,2022-09-23,58,1480.0,14
5508,2022-09-23,48,1476.0,4
5509,2022-09-23,422,1464.0,-4
5510,2022-09-23,161,1461.0,-1
5511,2022-09-23,362,1450.0,-10
5512,2022-09-23,99,1442.0,-6
5513,2022-09-23,119,1434.0,-5
5514,2022-09-23,121,1417.0,7
5515,2022-09-23,154,1387.0,-2
5516,2022-09-23,123,1352.0,-4
5517,2022-09-23,355,1304.0,4
5518,2022-09-23,292,1271.0,5
5519,2022-09-23,244,1252.0,-3
5520,2022-09-23,213,1238.0,-7
5521,2022-09-23,144,1054.0,-4
5522,2022-10-13,282,1652.0,2
5523,2022-10-13,243,1251.0,-2
5524,2022-11-16,15,2143.0,2
5525,2022-11-16,175,1995.0,3
5526,2022-11-16,142,1962.0,3
5527,2022-11-16,88,1926.0,5
5528,2022-11-16,275,1848.0,5
5529,2022-11-16,277,1813.0,5
5530,2022-11-16,225,1809.0,-12
5531,2022-11-16,168,1798.0,-21
5532,2022-11-16,94,1788.0,1
5533,2022-11-16,319,1752.0,-9
5534,2022-11-16,360,1747.0,12
5535,2022-11-16,273,1735.0,-5
5536,2022-11-16,21,1729.0,1
5537,2022-11-16,5,1714.0,-5
5538,2022-11-16,380,1705.0,21
5539,2022-11-16,381,1701.0,9
5540,2022-11-16,72,1697.0,-5
5541,2022-11-16,177,1680.0,3
5542,2022-11-16,317,1636.0,-5
5543,2022-11-16,212,1617.0,5
5544,2022-11-16,399,1572.0,5
5545,2022-11-16,165,1546.0,-8
5546,2022-11-16,263,1545.0,-3
5547,2022-11-16,3,1535.0,-3
5548,2022-11-16,48,1520.0,13
5549,2022-11-16,188,1514.0,-4
5550,2022-11-16,394,1486.0,-2
5551,2022-11-16,116,1483.0,-14
5552,2022-11-16,16,1459.0,4
5553,2022-11-16,121,1421.0,1
5554,2022-11-16,23,1399.0,9
5555,2022-11-16,183,1396.0,-5
5556,2022-11-16,194,1348.0,-1
5557,2022-11-16,92,1337.0,-13
5558,2022-11-16,127,1301.0,-1
5559,2022-11-16,243,1265.0,14
5560,2022-11-16,200,1255.0,8
5561,2022-11-16,52,1252.0,-3
5562,2022-11-16,9,1118.0,-1
5563,2022-11-16,144,1060.0,8
5564,2022-11-16,199,977.0,-8
5565,2022-11-16,236,936.0,6
5566,2022-11-16,266,872.0,-6
5567,2022-11-16,227,,-9
5568,2023-03-23,15,2145.0,1
5569,2023-03-23,278,1998.0,0
5570,2023-03-23,117,1992.0,26
5571,2023-03-23,175,1947.0,-26
5572,2023-03-23,100,1890.0,8
5573,2023-03-23,164,1825.0,1
5574,2023-03-23,225,1819.0,6
5575,2023-03-23,168,1776.0,-4
5576,2023-03-23,291,1757.0,4
5577,2023-03-23,5,1706.0,2
5578,2023-03-23,335,1677.0,11
5579,2023-03-23,131,1653.0,-8
5580,2023-03-23,269,1639.0,-1
5581,2023-03-23,40,1634.0,18
5582,2023-03-23,143,1599.0,6
5583,2023-03-23,334,1567.0,-12
5584,2023-03-23,254,1541.0,1
5585,2023-03-23,258,1537.0,4
5586,2023-03-23,242,1524.0,-4
5587,2023-03-23,165,1517.0,-18
5588,2023-03-23,137,1494.0,6
5589,2023-03-23,73,1475.0,4
5590,2023-03-23,422,1473.0,8
5591,2023-03-23,202,1454.0,12
5592,2023-03-23,121,1447.0,-1
5593,2023-03-23,10,1398.0,-6
5594,2023-03-23,183,1380.0,-11
5595,2023-03-23,89,1335.0,9
5596,2023-03-23,135,1322.0,-13
5597,2023-03-23,357,1315.0,-6
5598,2023-03-23,65,1309.0,48
5599,2023-03-23,355,1296.0,-6
5600,2023-03-23,79,1263.0,-34
5601,2023-03-23,213,1256.0,-4
5602,2023-03-23,206,1251.0,-48
5603,2023-03-23,210,1249.0,7
5604,2023-03-23,382,1245.0,-7
5605,2023-03-23,244,1239.0,-2
5606,2023-03-23,196,1229.0,-8
5607,2023-03-23,337,1225.0,19
5608,2023-03-23,13,1191.0,28
5609,2023-03-23,104,1188.0,13
5610,2023-03-23,150,1186.0,-28
5611,2023-03-23,306,1184.0,8
5612,2023-03-23,241,1180.0,-9
5613,2023-03-23,366,1147.0,9
5614,2023-03-23,163,1138.0,-3
5615,2023-03-23,348,1136.0,34
5616,2023-03-23,330,1133.0,3
5617,2023-03-23,400,1129.0,-19
5618,2023-03-23,281,1093.0,6
5619,2023-03-23,28,1013.0,-9
5620,2023-03-23,199,977.0,0
5621,2023-03-23,308,831.0,-8
5622,2023-03-23,313,782.0,-1
5623,2023-03-23,45,607.0,-6
5624,2023-03-28,15,2145.0,0
5625,2023-03-28,31,1987.0,12
5626,2023-03-28,352,1963.0,-42
5627,2023-03-28,88,1956.0,21
5628,2023-03-28,142,1950.0,-12
5629,2023-03-28,77,1929.0,11
5630,2023-03-28,398,1915.0,10
5631,2023-03-28,361,1890.0,7
5632,2023-03-28,232,1879.0,-1
5633,2023-03-28,275,1845.0,1
5634,2023-03-28,111,1840.0,12
5635,2023-03-28,179,1839.0,-11
5636,2023-03-28,319,1798.0,42
5637,2023-03-28,347,1780.0,-10
5638,2023-03-28,168,1777.0,1
5639,2023-03-28,20,1776.0,-12
5640,2023-03-28,380,1755.0,6
5641,2023-03-28,322,1754.0,5
5642,2023-03-28,261,1744.0,0
5643,2023-03-28,406,1733.0,2
5644,2023-03-28,55,1732.0,9
5645,2023-03-28,85,1714.0,-31
5646,2023-03-28,381,1701.0,-21
5647,2023-03-28,403,1691.0,-3
5648,2023-03-28,177,1678.0,8
5649,2023-03-28,112,1675.0,11
5650,2023-03-28,269,1670.0,31
5651,2023-03-28,140,1651.0,0
5652,2023-03-28,54,1625.0,-33
5653,2023-03-28,290,1621.0,6
5654,2023-03-28,37,1617.0,12
5655,2023-03-28,174,1601.0,-7
5656,2023-03-28,50,1598.0,-10
5657,2023-03-28,212,1595.0,-31
5658,2023-03-28,181,1592.0,2
5659,2023-03-28,399,1588.0,3
5660,2023-03-28,317,1574.0,-12
5661,2023-03-28,158,1547.0,6
5662,2023-03-28,346,1539.0,14
5663,2023-03-28,25,1502.0,5
5664,2023-03-28,188,1500.0,-18
5665,2023-03-28,58,1479.0,12
5666,2023-03-28,161,1472.0,-9
5667,2023-03-28,99,1472.0,0
5668,2023-03-28,119,1467.0,20
5669,2023-03-28,394,1455.0,9
5670,2023-03-28,139,1443.0,31
5671,2023-03-28,16,1435.0,-5
5672,2023-03-28,362,1423.0,-5
5673,2023-03-28,235,1414.0,33
5674,2023-03-28,30,1404.0,-6
5675,2023-03-28,388,1391.0,24
5676,2023-03-28,372,1379.0,-9
5677,2023-03-28,221,1372.0,0
5678,2023-03-28,184,1371.0,-1
5679,2023-03-28,92,1356.0,5
5680,2023-03-28,190,1353.0,7
5681,2023-03-28,91,1351.0,0
5682,2023-03-28,194,1348.0,-2
5683,2023-03-28,198,1338.0,-6
5684,2023-03-28,41,1326.0,-20
5685,2023-03-28,368,1326.0,-7
5686,2023-03-28,376,1319.0,10
5687,2023-03-28,371,1313.0,-24
5688,2023-03-28,233,1311.0,-5
5689,2023-03-28,197,1308.0,-14
5690,2023-03-28,122,1298.0,-12
5691,2023-03-28,167,1285.0,-4
5692,2023-03-28,210,1256.0,7
5693,2023-03-28,208,1252.0,-11
5694,2023-03-28,52,1246.0,4
5695,2023-03-28,166,1240.0,18
5696,2023-03-28,191,1236.0,-18
5697,2023-03-28,78,1235.0,-8
5698,2023-03-28,156,1210.0,-13
5699,2023-03-28,34,1158.0,-6
5700,2023-03-28,163,1131.0,-7
5701,2023-03-28,9,1122.0,18
5702,2023-03-28,276,1046.0,-2
5703,2023-03-28,231,972.0,13
5704,2023-03-28,236,928.0,-13
5705,2023-03-28,325,887.0,13
5706,2023-03-28,38,876.0,-33
5707,2023-03-28,26,851.0,-13
5708,2023-03-28,333,837.0,16
5709,2023-03-28,384,781.0,33
5710,2023-03-28,387,633.0,-16
5711,2023-03-28,35,567.0,13
5712,2023-06-11,72,1706.0,2
5713,2023-06-11,399,1615.0,27
5714,2023-06-11,263,1575.0,-27
5715,2023-06-11,152,1461.0,-13
5716,2023-06-11,388,1389.0,-2
5717,2023-06-11,379,1373.0,13
5718,2023-06-11,89,1341.0,-2
5719,2023-06-11,65,1336.0,2
5720,2023-06-11,368,1321.0,-5
5721,2023-06-11,382,1250.0,5
5722,2023-06-11,222,963.0,14
5723,2023-06-11,266,852.0,-14
5724,2023-07-09,396,1819.0,-14
5725,2023-07-09,55,1724.0,14
5726,2023-07-09,178,1604.0,20
5727,2023-07-09,152,1496.0,-20
5728,2023-07-09,422,1484.0,9
5729,2023-07-09,208,1296.0,5
5730,2023-07-09,78,1253.0,-9
5731,2023-07-09,325,874.0,-5
5732,2023-07-30,206,1254.0,15
5733,2023-07-30,223,1209.0,-15
5734,2023-10-12,15,2159.0,2
5735,2023-10-12,42,2090.0,-18
5736,2023-10-12,352,2017.0,10
5737,2023-10-12,88,1978.0,-37
5738,2023-10-12,77,1939.0,-8
5739,2023-10-12,398,1914.0,8
5740,2023-10-12,111,1879.0,11
5741,2023-10-12,319,1817.0,-10
5742,2023-10-12,275,1798.0,-32
5743,2023-10-12,291,1763.0,4
5744,2023-10-12,261,1755.0,11
5745,2023-10-12,94,1748.0,-43
5746,2023-10-12,381,1742.0,37
5747,2023-10-12,72,1739.0,32
5748,2023-10-12,277,1729.0,6
5749,2023-10-12,403,1728.0,18
5750,2023-10-12,360,1722.0,2
5751,2023-10-12,5,1712.0,5
5752,2023-10-12,273,1703.0,-2
5753,2023-10-12,112,1676.0,6
5754,2023-10-12,3,1657.0,43
5755,2023-10-12,54,1631.0,-4
5756,2023-10-12,290,1629.0,-12
5757,2023-10-12,140,1629.0,6
5758,2023-10-12,178,1591.0,8
5759,2023-10-12,37,1584.0,-11
5760,2023-10-12,230,1553.0,3
5761,2023-10-12,158,1513.0,-7
5762,2023-10-12,422,1504.0,-6
5763,2023-10-12,188,1491.0,14
5764,2023-10-12,58,1490.0,-5
5765,2023-10-12,394,1486.0,5
5766,2023-10-12,25,1480.0,4
5767,2023-10-12,161,1477.0,-10
5768,2023-10-12,16,1470.0,-38
5769,2023-10-12,30,1416.0,12
5770,2023-10-12,190,1385.0,-5
5771,2023-10-12,372,1384.0,-6
5772,2023-10-12,194,1356.0,38
5773,2023-10-12,92,1323.0,-11
5774,2023-10-12,195,1311.0,-3
5775,2023-10-12,89,1305.0,10
5776,2023-10-12,150,1299.0,-26
5777,2023-10-12,167,1297.0,1
5778,2023-10-12,357,1291.0,7
5779,2023-10-12,191,1251.0,-4
5780,2023-10-12,127,1248.0,-6
5781,2023-10-12,307,1136.0,26
5782,2023-10-12,330,1132.0,2
5783,2023-10-12,306,1131.0,6
5784,2023-10-12,163,1122.0,2
5785,2023-10-12,9,1115.0,-14
5786,2023-10-12,149,1107.0,-8
5787,2023-10-12,416,1099.0,6
5788,2023-10-12,2,1082.0,7
5789,2023-10-12,102,981.0,-15
5790,2023-10-12,234,928.0,9
5791,2023-10-12,367,927.0,7
5792,2023-10-12,26,912.0,5
5793,2023-10-12,236,912.0,-16
5794,2023-10-12,211,896.0,-5
5795,2023-10-12,53,867.0,-9
5796,2023-10-12,38,861.0,6
5797,2023-10-12,266,819.0,9
5798,2023-10-12,333,810.0,-6
5799,2023-10-12,229,805.0,-7
5800,2023-10-12,151,705.0,-2
5801,2023-10-12,193,680.0,16
5802,2023-10-12,354,671.0,-6
5803,2023-10-12,45,658.0,15
5804,2023-10-12,203,657.0,-9
5805,2023-10-12,110,619.0,-7
5806,2023-10-12,47,601.0,-1
5807,2023-10-12,11,578.0,-6
5808,2023-10-12,35,566.0,-2
5809,2023-10-12,227,,-2
5810,2023-11-17,117,2030.0,0
5811,2023-11-17,175,1943.0,4
5812,2023-11-17,100,1877.0,7
5813,2023-11-17,225,1792.0,-48
5814,2023-11-17,94,1753.0,4
5815,2023-11-17,380,1731.0,1
5816,2023-11-17,147,1714.0,5
5817,2023-11-17,277,1707.0,-4
5818,2023-11-17,335,1705.0,-7
5819,2023-11-17,3,1649.0,-12
5820,2023-11-17,131,1641.0,13
5821,2023-11-17,212,1631.0,2
5822,2023-11-17,177,1629.0,1
5823,2023-11-17,54,1625.0,1
5824,2023-11-17,143,1580.0,4
5825,2023-11-17,258,1551.0,-4
5826,2023-11-17,50,1549.0,-8
5827,2023-11-17,161,1538.0,48
5828,2023-11-17,422,1523.0,7
5829,2023-11-17,242,1522.0,-5
5830,2023-11-17,183,1486.0,1
5831,2023-11-17,154,1444.0,17
5832,2023-11-17,254,1437.0,-13
5833,2023-11-17,155,1411.0,8
5834,2023-11-17,388,1362.0,-17
5835,2023-11-17,208,1354.0,24
5836,2023-11-17,198,1347.0,17
5837,2023-11-17,243,1344.0,14
5838,2023-11-17,337,1302.0,1
5839,2023-11-17,206,1288.0,-4
5840,2023-11-17,65,1286.0,-30
5841,2023-11-17,197,1270.0,-24
5842,2023-11-17,122,1269.0,-17
5843,2023-11-17,79,1266.0,-7
5844,2023-11-17,135,1257.0,-26
5845,2023-11-17,213,1250.0,0
5846,2023-11-17,78,1241.0,30
5847,2023-11-17,104,1193.0,-28
5848,2023-11-17,67,1178.0,-2
5849,2023-11-17,34,1175.0,14
5850,2023-11-17,32,1098.0,26
5851,2023-11-17,314,1062.0,-1
5852,2023-11-17,310,1037.0,-14
5853,2023-11-17,222,1029.0,-1
5854,2023-11-17,231,1003.0,28
5855,2023-11-17,28,955.0,-14
5856,2023-11-17,325,859.0,-1
5857,2023-11-17,313,777.0,-1
5858,2023-11-17,311,677.0,-1
5859,2023-11-17,227,,12
5860,2023-12-30,394,1531.0,2
5861,2023-12-30,191,1251.0,-2
5862,2024-01-25,347,1773.0,-23
5863,2024-01-25,317,1605.0,-13
5864,2024-01-25,181,1519.0,-33
5865,2024-01-25,263,1518.0,-17
5866,2024-01-25,25,1466.0,33
5867,2024-01-25,372,1431.0,13
5868,2024-01-25,210,1291.0,23
5869,2024-01-25,191,1253.0,17
5870,2024-03-21,278,2035.0,3
5871,2024-03-21,175,1942.0,5
5872,2024-03-21,111,1886.0,3
5873,2024-03-21,389,1857.0,7
5874,2024-03-21,179,1852.0,1
5875,2024-03-21,225,1826.0,32
5876,2024-03-21,168,1816.0,1
5877,2024-03-21,323,1786.0,-16
5878,2024-03-21,291,1773.0,16
5879,2024-03-21,396,1772.0,12
5880,2024-03-21,20,1767.0,2
5881,2024-03-21,403,1750.0,-5
5882,2024-03-21,147,1738.0,10
5883,2024-03-21,269,1733.0,-32
5884,2024-03-21,335,1716.0,-8
5885,2024-03-21,406,1715.0,20
5886,2024-03-21,277,1714.0,5
5887,2024-03-21,347,1713.0,-17
5888,2024-03-21,360,1691.0,-3
5889,2024-03-21,399,1667.0,3
5890,2024-03-21,140,1650.0,13
5891,2024-03-21,169,1640.0,1
5892,2024-03-21,282,1638.0,7
5893,2024-03-21,131,1621.0,-20
5894,2024-03-21,317,1621.0,5
5895,2024-03-21,178,1610.0,-12
5896,2024-03-21,181,1599.0,1
5897,2024-03-21,58,1564.0,5
5898,2024-03-21,346,1563.0,-13
5899,2024-03-21,230,1561.0,12
5900,2024-03-21,174,1557.0,-45
5901,2024-03-21,165,1550.0,45
5902,2024-03-21,263,1526.0,8
5903,2024-03-21,202,1507.0,-13
5904,2024-03-21,394,1504.0,2
5905,2024-03-21,152,1481.0,-3
5906,2024-03-21,40,1477.0,-7
5907,2024-03-21,183,1477.0,-10
5908,2024-03-21,154,1468.0,6
5909,2024-03-21,25,1461.0,2
5910,2024-03-21,30,1457.0,-12
5911,2024-03-21,362,1444.0,-17
5912,2024-03-21,372,1437.0,17
5913,2024-03-21,268,1417.0,5
5914,2024-03-21,73,1400.0,-10
5915,2024-03-21,368,1380.0,-5
5916,2024-03-21,257,1370.0,-1
5917,2024-03-21,121,1357.0,-5
5918,2024-03-21,194,1349.0,2
5919,2024-03-21,190,1340.0,-7
5920,2024-03-21,200,1326.0,7
5921,2024-03-21,92,1320.0,-2
5922,2024-03-21,404,1318.0,-18
5923,2024-03-21,167,1297.0,18
5924,2024-03-21,337,1288.0,-23
5925,2024-03-21,123,1285.0,-14
5926,2024-03-21,210,1285.0,-8
5927,2024-03-21,195,1284.0,-2
5928,2024-03-21,156,1268.0,-5
5929,2024-03-21,191,1266.0,13
5930,2024-03-21,213,1258.0,8
5931,2024-03-21,196,1252.0,14
5932,2024-03-21,166,1228.0,-9
5933,2024-03-21,130,1221.0,23
5934,2024-03-21,382,1216.0,-1
5935,2024-03-21,281,1146.0,0
5936,2024-03-21,330,1127.0,10
5937,2024-03-21,9,1115.0,13
5938,2024-03-21,416,1101.0,-2
5939,2024-03-21,2,1085.0,9
5940,2024-03-21,400,1074.0,-6
5941,2024-03-21,163,1060.0,-3
5942,2024-03-21,32,1057.0,0
5943,2024-03-21,276,1052.0,-1
5944,2024-03-21,144,1051.0,-7
5945,2024-03-21,26,939.0,-5
5946,2024-03-21,234,926.0,17
5947,2024-03-21,367,912.0,-13
5948,2024-03-21,236,894.0,-2
5949,2024-03-21,266,828.0,-1
5950,2024-06-15,352,2057.0,37
5951,2024-06-15,77,2014.0,3
5952,2024-06-15,175,1956.0,7
5953,2024-06-15,88,1931.0,-37
5954,2024-06-15,361,1844.0,40
5955,2024-06-15,164,1791.0,-40
5956,2024-06-15,3,1616.0,-7
5957,2024-06-15,37,1590.0,-3
5958,2024-06-15,337,1253.0,-35
5959,2024-06-15,400,1081.0,35
5960,2024-09-09,132,2014.0,17
5961,2024-09-09,175,1943.0,4
5962,2024-09-09,31,1923.0,-17
5963,2024-09-09,21,1853.0,-23
5964,2024-09-09,381,1811.0,8
5965,2024-09-09,232,1779.0,1
5966,2024-09-09,335,1777.0,6
5967,2024-09-09,322,1753.0,3
5968,2024-09-09,261,1747.0,23
5969,2024-09-09,290,1713.0,4
5970,2024-09-09,406,1701.0,17
5971,2024-09-09,85,1661.0,-4
5972,2024-09-09,10,1581.0,6
5973,2024-09-09,99,1576.0,11
5974,2024-09-09,165,1574.0,-8
5975,2024-09-09,174,1556.0,-4
5976,2024-09-09,119,1522.0,-13
5977,2024-09-09,158,1517.0,2
5978,2024-09-09,230,1516.0,-17
5979,2024-09-09,188,1512.0,34
5980,2024-09-09,152,1503.0,4
5981,2024-09-09,143,1499.0,-14
5982,2024-09-09,183,1457.0,-6
5983,2024-09-09,362,1441.0,16
5984,2024-09-09,218,1405.0,-13
5985,2024-09-09,388,1389.0,14
5986,2024-09-09,355,1383.0,-6
5987,2024-09-09,376,1368.0,13
5988,2024-09-09,78,1340.0,-1
5989,2024-09-09,357,1338.0,-16
5990,2024-09-09,150,1336.0,16
5991,2024-09-09,91,1328.0,7
5992,2024-09-09,206,1325.0,1
5993,2024-09-09,200,1323.0,-4
5994,2024-09-09,52,1311.0,-3
5995,2024-09-09,92,1309.0,-34
5996,2024-09-09,123,1297.0,-11
5997,2024-09-09,79,1261.0,-14
5998,2024-09-09,156,1251.0,13
5999,2024-09-09,244,1239.0,14
6000,2024-09-09,196,1203.0,-1
6001,2024-09-09,166,1170.0,-16
6002,2024-09-09,281,1141.0,7
6003,2024-09-09,307,1140.0,24
6004,2024-09-09,149,1070.0,-24
6005,2024-09-09,18,943.0,-7
6006,2024-09-09,308,916.0,-7
6007,2024-09-09,333,893.0,-2
6008,2024-09-09,311,739.0,6
6009,2024-09-09,82,622.0,-16
6010,2024-09-09,377,520.0,-6
6011,2024-09-09,108,389.0,16
6012,2024-10-12,352,2160.0,4
6013,2024-10-12,278,1994.0,19
6014,2024-10-12,88,1917.0,6
6015,2024-10-12,100,1858.0,-4
6016,2024-10-12,361,1827.0,-28
6017,2024-10-12,323,1812.0,28
6018,2024-10-12,232,1782.0,3
6019,2024-10-12,396,1738.0,11
6020,2024-10-12,277,1728.0,-19
6021,2024-10-12,290,1723.0,10
6022,2024-10-12,269,1719.0,-11
6023,2024-10-12,319,1698.0,-6
6024,2024-10-12,188,1527.0,15
6025,2024-10-12,254,1518.0,-3
6026,2024-10-12,48,1493.0,-8
6027,2024-10-12,202,1470.0,8
6028,2024-10-12,30,1467.0,3
6029,2024-10-12,154,1466.0,21
6030,2024-10-12,65,1328.0,-3
6031,2024-10-12,200,1308.0,-15
6032,2024-10-12,92,1299.0,-10
6033,2024-10-12,123,1276.0,-21
6034,2024-10-12,104,1251.0,13
6035,2024-10-12,404,1250.0,-5
6036,2024-10-12,166,1175.0,5
6037,2024-10-12,34,1145.0,18
6038,2024-10-12,400,1097.0,5
6039,2024-10-12,102,999.0,-18
6040,2024-10-12,13,933.0,-13
6041,2024-10-12,62,821.0,11
6042,2024-10-12,24,806.0,15
6043,2024-10-12,311,734.0,-5
6044,2024-10-12,384,652.0,21
6045,2024-10-12,45,626.0,-11
6046,2024-10-12,11,622.0,-21
6047,2024-10-12,387,586.0,-15
6048,2024-12-09,167,1397.0,4
6049,2024-12-09,190,1345.0,-6
6050,2024-12-09,404,1254.0,4
6051,2024-12-09,337,1195.0,16
6052,2024-12-09,416,1092.0,6
6053,2024-12-09,400,1056.0,-16
6054,2024-12-09,234,904.0,-4
6055,2024-12-09,193,672.0,-4
6056,2025-03-19,291,1789.0,0
6057,2025-03-19,380,1606.0,8
6058,2025-03-19,54,1578.0,-16
6059,2025-03-19,183,1425.0,12
6060,2025-03-19,404,1358.0,1
6061,2025-03-19,91,1324.0,-12
6062,2025-03-19,206,1323.0,35
6063,2025-03-19,197,1256.0,-8
6064,2025-03-19,65,1250.0,-35
6065,2025-03-19,122,1233.0,16
6066,2025-03-19,166,1178.0,3
6067,2025-03-19,163,1138.0,1
6068,2025-03-19,149,1072.0,0
6069,2025-03-19,211,886.0,-3
6070,2025-03-19,53,850.0,-1
6071,2025-03-19,203,598.0,-1
6072,2025-06-07,117,2011.0,0
6073,2025-06-07,237,1974.0,8
6074,2025-06-07,100,1863.0,2
6075,2025-06-07,381,1847.0,10
6076,2025-06-07,21,1845.0,8
6077,2025-06-07,323,1838.0,-6
6078,2025-06-07,147,1836.0,7
6079,2025-06-07,361,1827.0,15
6080,2025-06-07,225,1802.0,-15
6081,2025-06-07,55,1796.0,18
6082,2025-06-07,389,1791.0,-18
6083,2025-06-07,269,1725.0,2
6084,2025-06-07,396,1713.0,-10
6085,2025-06-07,290,1677.0,-8
6086,2025-06-07,334,1677.0,-7
6087,2025-06-07,85,1653.0,1
6088,2025-06-07,3,1639.0,6
6089,2025-06-07,242,1611.0,15
6090,2025-06-07,177,1576.0,-15
6091,2025-06-07,346,1570.0,10
6092,2025-06-07,178,1569.0,0
6093,2025-06-07,161,1561.0,1
6094,2025-06-07,158,1558.0,4
6095,2025-06-07,254,1554.0,-2
6096,2025-06-07,131,1532.0,-8
6097,2025-06-07,40,1525.0,0
6098,2025-06-07,233,1478.0,-17
6099,2025-06-07,116,1394.0,1
6100,2025-06-07,371,1383.0,-26
6101,2025-06-07,184,1372.0,-6
6102,2025-06-07,23,1369.0,1
6103,2025-06-07,424,1360.0,-10
6104,2025-06-07,206,1325.0,26
6105,2025-06-07,200,1294.0,4
6106,2025-06-07,194,1289.0,-1
6107,2025-06-07,213,1252.0,-4
6108,2025-06-07,67,1154.0,6
6109,2025-06-07,222,1075.0,17
6110,2025-06-07,9,1066.0,0
6111,2025-06-07,32,1056.0,-2
6112,2025-06-07,18,917.0,-4
6113,2025-06-07,313,845.0,0
6114,2025-06-07,62,820.0,-1
6115,2025-06-07,24,782.0,-1
6116,2025-06-07,45,627.0,0
6117,2025-06-07,11,617.0,-1
6118,2025-06-10,15,2132.0,-14
6119,2025-06-10,42,2002.0,7
6120,2025-06-10,117,1984.0,-27
6121,2025-06-10,237,1975.0,1
6122,2025-06-10,77,1950.0,14
6123,2025-06-10,111,1906.0,-4
6124,2025-06-10,398,1901.0,12
6125,2025-06-10,100,1864.0,1
6126,2025-06-10,179,1857.0,3
6127,2025-06-10,21,1845.0,0
6128,2025-06-10,361,1845.0,18
6129,2025-06-10,147,1838.0,2
6130,2025-06-10,323,1838.0,0
6131,2025-06-10,381,1836.0,-11
6132,2025-06-10,273,1825.0,-7
6133,2025-06-10,225,1813.0,11
6134,2025-06-10,168,1800.0,3
6135,2025-06-10,389,1799.0,8
6136,2025-06-10,291,1793.0,9
6137,2025-06-10,55,1785.0,-11
6138,2025-06-10,322,1784.0,27
6139,2025-06-10,20,1776.0,17
6140,2025-06-10,347,1770.0,3
6141,2025-06-10,360,1760.0,6
6142,2025-06-10,335,1752.0,3
6143,2025-06-10,403,1745.0,-12
6144,2025-06-10,275,1744.0,4
6145,2025-06-10,269,1729.0,4
6146,2025-06-10,399,1708.0,13
6147,2025-06-10,5,1704.0,-6
6148,2025-06-10,164,1701.0,4
6149,2025-06-10,396,1695.0,-18
6150,2025-06-10,72,1689.0,-28
6151,2025-06-10,277,1682.0,-24
6152,2025-06-10,290,1681.0,4
6153,2025-06-10,334,1665.0,-12
6154,2025-06-10,37,1663.0,28
6155,2025-06-10,85,1658.0,5
6156,2025-06-10,171,1633.0,-2
6157,2025-06-10,174,1629.0,12
6158,2025-06-10,3,1627.0,-12
6159,2025-06-10,181,1625.0,-32
6160,2025-06-10,242,1603.0,-8
6161,2025-06-10,317,1591.0,-17
6162,2025-06-10,178,1588.0,19
6163,2025-06-10,177,1587.0,11
6164,2025-06-10,161,1562.0,1
6165,2025-06-10,254,1561.0,7
6166,2025-06-10,346,1558.0,-12
6167,2025-06-10,131,1556.0,24
6168,2025-06-10,165,1550.0,-7
6169,2025-06-10,169,1550.0,32
6170,2025-06-10,10,1543.0,7
6171,2025-06-10,394,1538.0,-7
6172,2025-06-10,40,1522.0,-3
6173,2025-06-10,282,1519.0,-13
6174,2025-06-10,263,1501.0,-3
6175,2025-06-10,158,1499.0,-59
6176,2025-06-10,30,1492.0,-9
6177,2025-06-10,152,1481.0,-19
6178,2025-06-10,268,1461.0,3
6179,2025-06-10,202,1455.0,2
6180,2025-06-10,48,1451.0,-2
6181,2025-06-10,25,1448.0,-19
6182,2025-06-10,362,1444.0,4
6183,2025-06-10,233,1432.0,-46
6184,2025-06-10,357,1411.0,5
6185,2025-06-10,73,1403.0,19
6186,2025-06-10,424,1398.0,38
6187,2025-06-10,379,1395.0,-5
6188,2025-06-10,91,1390.0,59
6189,2025-06-10,116,1389.0,-5
6190,2025-06-10,235,1380.0,24
6191,2025-06-10,184,1376.0,4
6192,2025-06-10,257,1376.0,-3
6193,2025-06-10,23,1365.0,-4
6194,2025-06-10,167,1357.0,-3
6195,2025-06-10,372,1351.0,-36
6196,2025-06-10,244,1337.0,1
6197,2025-06-10,221,1331.0,-1
6198,2025-06-10,191,1331.0,7
6199,2025-06-10,195,1327.0,-12
6200,2025-06-10,243,1325.0,-4
6201,2025-06-10,404,1321.0,-38
6202,2025-06-10,194,1301.0,12
6203,2025-06-10,92,1299.0,-4
6204,2025-06-10,200,1293.0,-1
6205,2025-06-10,190,1293.0,-3
6206,2025-06-10,210,1292.0,38
6207,2025-06-10,52,1291.0,1
6208,2025-06-10,104,1289.0,7
6209,2025-06-10,368,1288.0,-3
6210,2025-06-10,156,1263.0,7
6211,2025-06-10,208,1256.0,-7
6212,2025-06-10,382,1252.0,36
6213,2025-06-10,213,1251.0,-1
6214,2025-06-10,89,1225.0,-31
6215,2025-06-10,196,1221.0,-24
6216,2025-06-10,34,1169.0,31
6217,2025-06-10,67,1150.0,-4
6218,2025-06-10,163,1148.0,16
6219,2025-06-10,166,1142.0,-16
6220,2025-06-10,310,1140.0,-16
6221,2025-06-10,281,1134.0,16
6222,2025-06-10,276,1133.0,3
6223,2025-06-10,416,1120.0,12
6224,2025-06-10,149,1106.0,24
6225,2025-06-10,222,1094.0,19
6226,2025-06-10,330,1082.0,18
6227,2025-06-10,9,1066.0,0
6228,2025-06-10,2,1055.0,-4
6229,2025-06-10,307,1038.0,10
6230,2025-06-10,306,1025.0,-24
6231,2025-06-10,231,971.0,-7
6232,2025-06-10,102,970.0,-7
6233,2025-06-10,234,950.0,9
6234,2025-06-10,28,938.0,-10
6235,2025-06-10,236,924.0,-29
6236,2025-06-10,13,909.0,-1
6237,2025-06-10,26,907.0,-18
6238,2025-06-10,367,881.0,-36
6239,2025-06-10,313,845.0,0
6240,2025-06-10,211,841.0,-31
6241,2025-06-10,266,813.0,-9
6242,2025-06-10,354,778.0,36
6243,2025-06-10,193,715.0,29
6244,2025-06-10,110,691.0,31
6245,2025-06-10,47,670.0,13
6246,2025-06-10,35,621.0,-13
6247,2025-09-09,15,2109.0,-27
6248,2025-09-09,132,2067.0,1
6249,2025-09-09,278,2041.0,8
6250,2025-09-09,117,2019.0,35
6251,2025-09-09,77,1981.0,24
6252,2025-09-09,42,1976.0,-32
6253,2025-09-09,111,1934.0,27
6254,2025-09-09,398,1907.0,-7
6255,2025-09-09,261,1870.0,2
6256,2025-09-09,179,1863.0,-19
6257,2025-09-09,225,1859.0,-3
6258,2025-09-09,21,1855.0,9
6259,2025-09-09,273,1844.0,20
6260,2025-09-09,323,1806.0,-35
6261,2025-09-09,322,1802.0,15
6262,2025-09-09,55,1797.0,11
6263,2025-09-09,20,1791.0,12
6264,2025-09-09,347,1774.0,3
6265,2025-09-09,389,1773.0,-15
6266,2025-09-09,406,1724.0,-11
6267,2025-09-09,403,1717.0,-24
6268,2025-09-09,275,1711.0,-20
6269,2025-09-09,396,1698.0,19
6270,2025-09-09,164,1695.0,-8
6271,2025-09-09,72,1690.0,7
6272,2025-09-09,37,1688.0,32
6273,2025-09-09,85,1666.0,-14
6274,2025-09-09,112,1665.0,-4
6275,2025-09-09,290,1650.0,-13
6276,2025-09-09,181,1634.0,3
6277,2025-09-09,3,1631.0,3
6278,2025-09-09,171,1603.0,-28
6279,2025-09-09,177,1589.0,-2
6280,2025-09-09,242,1588.0,-12
6281,2025-09-09,161,1585.0,7
6282,2025-09-09,245,1584.0,3
6283,2025-09-09,54,1579.0,-18
6284,2025-09-09,99,1577.0,-15
6285,2025-09-09,10,1571.0,2
6286,2025-09-09,178,1569.0,11
6287,2025-09-09,165,1562.0,-1
6288,2025-09-09,58,1543.0,18
6289,2025-09-09,346,1527.0,-3
6290,2025-09-09,40,1516.0,-9
6291,2025-09-09,50,1508.0,4
6292,2025-09-09,158,1488.0,14
6293,2025-09-09,137,1464.0,2
6294,2025-09-09,33,1445.0,17
6295,2025-09-09,139,1443.0,19
6296,2025-09-09,16,1412.0,28
6297,2025-09-09,91,1408.0,5
6298,2025-09-09,379,1389.0,-11
6299,2025-09-09,355,1374.0,-17
6300,2025-09-09,23,1367.0,15
6301,2025-09-09,371,1363.0,-28
6302,2025-09-09,235,1363.0,10
6303,2025-09-09,244,1362.0,28
6304,2025-09-09,376,1360.0,17
6305,2025-09-09,121,1356.0,-8
6306,2025-09-09,424,1355.0,-24
6307,2025-09-09,328,1353.0,26
6308,2025-09-09,184,1341.0,3
6309,2025-09-09,221,1341.0,-15
6310,2025-09-09,292,1341.0,24
6311,2025-09-09,243,1331.0,-7
6312,2025-09-09,92,1311.0,13
6313,2025-09-09,194,1295.0,-3
6314,2025-09-09,104,1287.0,-3
6315,2025-09-09,52,1268.0,-19
6316,2025-09-09,213,1260.0,1
6317,2025-09-09,123,1250.0,-26
6318,2025-09-09,196,1198.0,-17
6319,2025-09-09,34,1151.0,-5
6320,2025-09-09,348,1139.0,15
6321,2025-09-09,222,1084.0,-2
6322,2025-09-09,9,1074.0,8
6323,2025-09-09,330,1073.0,-6
6324,2025-09-09,314,1024.0,-10
6325,2025-09-09,234,956.0,6
6326,2025-09-09,211,869.0,-1
6327,2025-09-09,325,845.0,-3
6328,2025-09-09,313,841.0,-1
6329,2025-09-09,354,750.0,1
6330,2025-09-09,227,,-2
6331,2025-11-18,352,2171.0,-17
6332,2025-11-18,77,1998.0,8
6333,2025-11-18,42,1979.0,-8
6334,2025-11-18,111,1933.0,4
6335,2025-11-18,361,1897.0,-5
6336,2025-11-18,398,1890.0,-24
6337,2025-11-18,381,1880.0,17
6338,2025-11-18,179,1878.0,5
6339,2025-11-18,100,1864.0,-34
6340,2025-11-18,31,1849.0,0
6341,2025-11-18,225,1835.0,-11
6342,2025-11-18,273,1833.0,11
6343,2025-11-18,232,1828.0,2
6344,2025-11-18,21,1818.0,-16
6345,2025-11-18,322,1803.0,3
6346,2025-11-18,55,1802.0,12
6347,2025-11-18,319,1790.0,34
6348,2025-11-18,347,1784.0,2
6349,2025-11-18,20,1774.0,-8
6350,2025-11-18,147,1761.0,-14
6351,2025-11-18,168,1754.0,-1
6352,2025-11-18,396,1747.0,24
6353,2025-11-18,269,1742.0,4
6354,2025-11-18,399,1735.0,1
6355,2025-11-18,72,1731.0,10
6356,2025-11-18,5,1718.0,15
6357,2025-11-18,406,1715.0,22
6358,2025-11-18,403,1715.0,-12
6359,2025-11-18,188,1714.0,5
6360,2025-11-18,275,1698.0,-10
6361,2025-11-18,335,1695.0,4
6362,2025-11-18,37,1675.0,-5
6363,2025-11-18,360,1660.0,-4
6364,2025-11-18,140,1650.0,-28
6365,2025-11-18,380,1650.0,8
6366,2025-11-18,290,1642.0,0
6367,2025-11-18,85,1633.0,-10
6368,2025-11-18,212,1612.0,0
6369,2025-11-18,181,1610.0,0
6370,2025-11-18,177,1607.0,16
6371,2025-11-18,169,1596.0,12
6372,2025-11-18,258,1592.0,-22
6373,2025-11-18,242,1586.0,-4
6374,2025-11-18,317,1579.0,-15
6375,2025-11-18,40,1571.0,16
6376,2025-11-18,161,1567.0,10
6377,2025-11-18,10,1566.0,3
6378,2025-11-18,50,1547.0,13
6379,2025-11-18,158,1542.0,15
6380,2025-11-18,394,1533.0,-12
6381,2025-11-18,152,1528.0,18
6382,2025-11-18,178,1527.0,-10
6383,2025-11-18,143,1509.0,-2
6384,2025-11-18,30,1496.0,14
6385,2025-11-18,263,1492.0,-16
6386,2025-11-18,154,1485.0,-2
6387,2025-11-18,91,1467.0,10
6388,2025-11-18,48,1452.0,28
6389,2025-11-18,362,1449.0,4
6390,2025-11-18,357,1441.0,-18
6391,2025-11-18,33,1436.0,-13
6392,2025-11-18,388,1433.0,-2
6393,2025-11-18,139,1424.0,-3
6394,2025-11-18,183,1410.0,-11
6395,2025-11-18,244,1403.0,2
6396,2025-11-18,379,1402.0,-17
6397,2025-11-18,127,1380.0,11
6398,2025-11-18,372,1367.0,4
6399,2025-11-18,422,1364.0,-3
6400,2025-11-18,121,1359.0,18
6401,2025-11-18,195,1351.0,2
6402,2025-11-18,184,1344.0,-3
6403,2025-11-18,218,1340.0,2
6404,2025-11-18,243,1328.0,-15
6405,2025-11-18,116,1324.0,-4
6406,2025-11-18,210,1314.0,2
6407,2025-11-18,190,1310.0,3
6408,2025-11-18,92,1302.0,-18
6409,2025-11-18,368,1297.0,2
6410,2025-11-18,104,1294.0,-2
6411,2025-11-18,156,1275.0,10
6412,2025-11-18,208,1252.0,9
6413,2025-11-18,382,1217.0,4
6414,2025-11-18,196,1215.0,-9
6415,2025-11-18,276,1155.0,15
6416,2025-11-18,416,1137.0,4
6417,2025-11-18,163,1136.0,-29
6418,2025-11-18,330,1131.0,29
6419,2025-11-18,166,1123.0,-28
6420,2025-11-18,34,1121.0,17
6421,2025-11-18,32,1103.0,34
6422,2025-11-18,306,1005.0,-34
6423,2025-11-18,26,940.0,28
6424,2025-11-18,236,917.0,-2
6425,2025-11-18,199,900.0,0
6426,2025-11-18,13,895.0,-10
6427,2025-11-18,367,866.0,-4
6428,2025-11-18,211,841.0,-15
6429,2025-11-18,313,833.0,0
6430,2025-11-18,266,828.0,-4
6431,2025-11-18,354,780.0,-4
6432,2025-11-18,110,682.0,-2
6433,2025-11-18,47,655.0,-2
6434,2025-11-18,35,614.0,-4
6435,2025-12-13,352,2171.0,0
6436,2025-12-13,15,2113.0,0
6437,2025-12-13,132,2062.0,0
6438,2025-12-13,117,2042.0,0
6439,2025-12-13,77,1998.0,0
6440,2025-12-13,42,1979.0,0
6441,2025-12-13,278,1976.0,0
6442,2025-12-13,237,1959.0,0
6443,2025-12-13,111,1933.0,0
6444,2025-12-13,88,1933.0,0
6445,2025-12-13,261,1922.0,0
6446,2025-12-13,142,1910.0,0
6447,2025-12-13,361,1897.0,0
6448,2025-12-13,398,1890.0,0
6449,2025-12-13,381,1880.0,0
6450,2025-12-13,179,1878.0,0
6451,2025-12-13,100,1864.0,0
6452,2025-12-13,175,1859.0,0
6453,2025-12-13,31,1849.0,0
6454,2025-12-13,225,1835.0,0
6455,2025-12-13,273,1833.0,0
6456,2025-12-13,232,1830.0,0
6457,2025-12-13,21,1818.0,0
6458,2025-12-13,322,1803.0,0
6459,2025-12-13,55,1802.0,0
6460,2025-12-13,389,1802.0,0
6461,2025-12-13,319,1790.0,0
6462,2025-12-13,347,1784.0,0
6463,2025-12-13,291,1782.0,0
6464,2025-12-13,20,1774.0,0
6465,2025-12-13,323,1769.0,0
6466,2025-12-13,147,1761.0,0
6467,2025-12-13,168,1754.0,0
6468,2025-12-13,396,1747.0,0
6469,2025-12-13,269,1742.0,0
6470,2025-12-13,277,1735.0,0
6471,2025-12-13,399,1735.0,0
6472,2025-12-13,94,1731.0,0
6473,2025-12-13,72,1731.0,0
6474,2025-12-13,5,1726.0,0
6475,2025-12-13,406,1715.0,0
6476,2025-12-13,403,1715.0,0
6477,2025-12-13,188,1714.0,0
6478,2025-12-13,164,1698.0,0
6479,2025-12-13,275,1698.0,0
6480,2025-12-13,335,1695.0,0
6481,2025-12-13,171,1688.0,0
6482,2025-12-13,334,1687.0,0
6483,2025-12-13,181,1687.0,0
6484,2025-12-13,37,1675.0,0
6485,2025-12-13,3,1664.0,0
6486,2025-12-13,360,1660.0,0
6487,2025-12-13,140,1650.0,0
6488,2025-12-13,290,1642.0,0
6489,2025-12-13,380,1641.0,0
6490,2025-12-13,85,1633.0,0
6491,2025-12-13,174,1631.0,0
6492,2025-12-13,245,1627.0,0
6493,2025-12-13,99,1616.0,0
6494,2025-12-13,212,1612.0,0
6495,2025-12-13,317,1612.0,0
6496,2025-12-13,177,1607.0,0
6497,2025-12-13,254,1602.0,0
6498,2025-12-13,258,1592.0,0
6499,2025-12-13,112,1591.0,0
6500,2025-12-13,242,1586.0,0
6501,2025-12-13,169,1582.0,0
6502,2025-12-13,40,1571.0,0
6503,2025-12-13,161,1567.0,0
6504,2025-12-13,165,1566.0,0
6505,2025-12-13,10,1566.0,0
6506,2025-12-13,58,1560.0,0
6507,2025-12-13,54,1559.0,0
6508,2025-12-13,394,1549.0,0
6509,2025-12-13,50,1547.0,0
6510,2025-12-13,158,1542.0,0
6511,2025-12-13,346,1531.0,0
6512,2025-12-13,152,1528.0,0
6513,2025-12-13,178,1527.0,0
6514,2025-12-13,131,1509.0,0
6515,2025-12-13,143,1509.0,0
6516,2025-12-13,30,1496.0,0
6517,2025-12-13,263,1490.0,0
6518,2025-12-13,362,1486.0,0
6519,2025-12-13,154,1485.0,0
6520,2025-12-13,268,1470.0,0
6521,2025-12-13,91,1467.0,0
6522,2025-12-13,137,1467.0,0
6523,2025-12-13,253,1456.0,0
6524,2025-12-13,48,1452.0,0
6525,2025-12-13,230,1444.0,0
6526,2025-12-13,357,1441.0,0
6527,2025-12-13,119,1437.0,0
6528,2025-12-13,33,1436.0,0
6529,2025-12-13,388,1433.0,0
6530,2025-12-13,282,1427.0,0
6531,2025-12-13,189,1425.0,0
6532,2025-12-13,139,1424.0,0
6533,2025-12-13,198,1424.0,0
6534,2025-12-13,25,1417.0,0
6535,2025-12-13,183,1410.0,0
6536,2025-12-13,73,1403.0,0
6537,2025-12-13,244,1403.0,0
6538,2025-12-13,379,1402.0,0
6539,2025-12-13,202,1395.0,0
6540,2025-12-13,16,1389.0,0
6541,2025-12-13,233,1389.0,0
6542,2025-12-13,127,1380.0,0
6543,2025-12-13,257,1376.0,0
6544,2025-12-13,206,1369.0,0
6545,2025-12-13,372,1367.0,0
6546,2025-12-13,422,1364.0,0
6547,2025-12-13,121,1359.0,0
6548,2025-12-13,78,1359.0,0
6549,2025-12-13,424,1352.0,0
6550,2025-12-13,355,1352.0,0
6551,2025-12-13,287,1345.0,0
6552,2025-12-13,184,1344.0,0
6553,2025-12-13,328,1344.0,0
6554,2025-12-13,167,1341.0,0
6555,2025-12-13,218,1340.0,0
6556,2025-12-13,376,1340.0,0
6557,2025-12-13,23,1339.0,0
6558,2025-12-13,150,1338.0,0
6559,2025-12-13,195,1332.0,0
6560,2025-12-13,190,1330.0,0
6561,2025-12-13,404,1329.0,0
6562,2025-12-13,243,1328.0,0
6563,2025-12-13,371,1325.0,0
6564,2025-12-13,116,1324.0,0
6565,2025-12-13,423,1319.0,0
6566,2025-12-13,41,1319.0,0
6567,2025-12-13,210,1314.0,0
6568,2025-12-13,191,1313.0,0
6569,2025-12-13,235,1311.0,0
6570,2025-12-13,221,1310.0,0
6571,2025-12-13,292,1310.0,0
6572,2025-12-13,92,1302.0,0
6573,2025-12-13,197,1299.0,0
6574,2025-12-13,368,1297.0,0
6575,2025-12-13,241,1295.0,0
6576,2025-12-13,104,1294.0,0
6577,2025-12-13,194,1286.0,0
6578,2025-12-13,213,1279.0,0
6579,2025-12-13,200,1276.0,0
6580,2025-12-13,156,1275.0,0
6581,2025-12-13,123,1264.0,0
6582,2025-12-13,208,1252.0,0
6583,2025-12-13,155,1244.0,0
6584,2025-12-13,52,1238.0,0
6585,2025-12-13,65,1238.0,0
6586,2025-12-13,89,1230.0,0
6587,2025-12-13,135,1221.0,0
6588,2025-12-13,382,1217.0,0
6589,2025-12-13,223,1216.0,0
6590,2025-12-13,196,1215.0,0
6591,2025-12-13,122,1210.0,0
6592,2025-12-13,79,1206.0,0
6593,2025-12-13,366,1178.0,0
6594,2025-12-13,310,1174.0,0
6595,2025-12-13,276,1155.0,0
6596,2025-12-13,416,1150.0,0
6597,2025-12-13,120,1141.0,0
6598,2025-12-13,163,1136.0,0
6599,2025-12-13,272,1136.0,0
6600,2025-12-13,281,1134.0,0
6601,2025-12-13,348,1133.0,0
6602,2025-12-13,330,1131.0,0
6603,2025-12-13,166,1123.0,0
6604,2025-12-13,149,1122.0,0
6605,2025-12-13,34,1121.0,0
6606,2025-12-13,67,1119.0,0
6607,2025-12-13,400,1114.0,0
6608,2025-12-13,130,1109.0,0
6609,2025-12-13,32,1103.0,0
6610,2025-12-13,337,1091.0,0
6611,2025-12-13,222,1090.0,0
6612,2025-12-13,9,1083.0,0
6613,2025-12-13,314,1055.0,0
6614,2025-12-13,2,1033.0,0
6615,2025-12-13,144,1017.0,0
6616,2025-12-13,307,1008.0,0
6617,2025-12-13,306,1005.0,0
6618,2025-12-13,308,1004.0,0
6619,2025-12-13,339,1002.0,0
6620,2025-12-13,414,996.0,0
6621,2025-12-13,231,971.0,0
6622,2025-12-13,338,961.0,0
6623,2025-12-13,333,957.0,0
6624,2025-12-13,18,949.0,0
6625,2025-12-13,148,946.0,0
6626,2025-12-13,234,944.0,0
6627,2025-12-13,102,940.0,0
6628,2025-12-13,26,940.0,0
6629,2025-12-13,28,921.0,0
6630,2025-12-13,236,917.0,0
6631,2025-12-13,101,915.0,0
6632,2025-12-13,228,903.0,0
6633,2025-12-13,199,900.0,0
6634,2025-12-13,13,895.0,0
6635,2025-12-13,367,866.0,0
6636,2025-12-13,53,846.0,0
6637,2025-12-13,325,841.0,0
6638,2025-12-13,211,841.0,0
6639,2025-12-13,313,833.0,0
6640,2025-12-13,266,828.0,0
6641,2025-12-13,38,822.0,0
6642,2025-12-13,62,806.0,0
6643,2025-12-13,69,785.0,0
6644,2025-12-13,354,780.0,0
6645,2025-12-13,385,757.0,0
6646,2025-12-13,332,737.0,0
6647,2025-12-13,229,730.0,0
6648,2025-12-13,311,729.0,0
6649,2025-12-13,305,725.0,0
6650,2025-12-13,24,719.0,0
6651,2025-12-13,151,714.0,0
6652,2025-12-13,193,707.0,0
6653,2025-12-13,408,701.0,0
6654,2025-12-13,45,693.0,0
6655,2025-12-13,401,692.0,0
6656,2025-12-13,297,691.0,0
6657,2025-12-13,110,682.0,0
6658,2025-12-13,309,677.0,0
6659,2025-12-13,384,657.0,0
6660,2025-12-13,47,655.0,0
6661,2025-12-13,11,646.0,0
6662,2025-12-13,373,628.0,0
6663,2025-12-13,82,622.0,0
6664,2025-12-13,387,617.0,0
6665,2025-12-13,35,614.0,0
6666,2025-12-13,203,595.0,0
6667,2025-12-13,74,578.0,0
6668,2025-12-13,125,571.0,0
6669,2025-12-13,128,563.0,0
6670,2025-12-13,217,559.0,0
6671,2025-12-13,187,544.0,0
6672,2025-12-13,377,520.0,0
6673,2025-12-13,246,496.0,0
6674,2025-12-13,255,432.0,0
6675,2025-12-13,76,422.0,0
6676,2025-12-13,267,402.0,0
6677,2025-12-13,108,389.0,0
6678,2025-12-13,227,0.0,0
